datetime,open,high,low,close,volume
2020-01-02T05:00:00Z,14.284,14.488999999,14.272,14.431,276330
2020-01-03T05:00:00Z,14.302,14.488999999,14.28,14.357,585230
2020-01-06T05:00:00Z,14.325,14.546,14.325,14.425,327420
2020-01-07T05:00:00Z,14.4,14.537,14.324,14.387,348680
2020-01-08T05:00:00Z,14.394999999,14.547,14.207499999,14.371,395140
2020-01-09T05:00:00Z,14.444999999,14.532,14.291,14.35,642490
2020-01-10T05:00:00Z,14.413999999,14.516,14.2145,14.238999999,410880
2020-01-13T05:00:00Z,14.252,14.5305,14.252,14.459,489870
2020-01-14T05:00:00Z,14.469,14.568,14.407,14.477,468320
2020-01-15T05:00:00Z,14.483,14.705,14.483,14.627,534800
2020-01-16T05:00:00Z,14.712,14.796,14.608,14.672,357490
2020-01-17T05:00:00Z,14.747,14.747,14.622,14.674,335560
2020-01-21T05:00:00Z,14.629,14.757,14.513,14.594999999,532800
2020-01-22T05:00:00Z,14.694,14.734,14.563999999,14.591999999,458330
2020-01-23T05:00:00Z,14.577,14.666,14.547999999,14.574,455130
2020-01-24T05:00:00Z,14.613999999,14.674,14.278,14.316,392570
2020-01-27T05:00:00Z,14.152,14.3788,14.125,14.253,517410
2020-01-28T05:00:00Z,14.302,14.454,14.13,14.4,607810
2020-01-29T05:00:00Z,15.7,16.5,15.231,15.26,2546830
2020-01-30T05:00:00Z,15.341,15.71,15.13373,15.269999999,1047950
2020-01-31T05:00:00Z,15.263999999,15.476499999,15.151,15.203,1010880
2020-02-03T05:00:00Z,15.244999999,15.6085,14.901,14.947999999,1018250
2020-02-04T05:00:00Z,15.063,15.254,15.046,15.181,871070
2020-02-05T05:00:00Z,15.283,15.331,15.084,15.284,960780
2020-02-06T05:00:00Z,15.276,15.385499999,15.194999999,15.224,561070
2020-02-07T05:00:00Z,15.129,15.357,15.119999999,15.266,745980
2020-02-10T05:00:00Z,15.306,15.357,15.112,15.144999999,285230
2020-02-11T05:00:00Z,15.169999999,15.3335,15.1215,15.21,480290
2020-02-12T05:00:00Z,15.244,15.354,14.944999999,14.984,542780
2020-02-13T05:00:00Z,14.928,14.972999999,14.693,14.807,598680
2020-02-14T05:00:00Z,14.832,14.968,14.712,14.884,564790
2020-02-18T05:00:00Z,14.863,14.8665,14.753,14.797,234060
2020-02-19T05:00:00Z,14.826,15.016999999,14.816,14.96,454440
2020-02-20T05:00:00Z,14.915,15.028,14.821,14.98,922550
2020-02-21T05:00:00Z,14.955,15.068,14.916,14.994999999,597080
2020-02-24T05:00:00Z,14.632,14.786,14.38063,14.588,530460
2020-02-25T05:00:00Z,14.571,14.586,14.005,14.005,989580
2020-02-26T05:00:00Z,14.063999999,14.241,14.006,14.012,507200
2020-02-27T05:00:00Z,13.757,14.072,13.61,13.622,709640
2020-02-28T05:00:00Z,13.34,13.6,13.262,13.516,996690
2020-03-02T05:00:00Z,13.572999999,13.772999999,13.516,13.672,748040
2020-03-03T05:00:00Z,13.622999999,13.882,13.21,13.438999999,660020
2020-03-04T05:00:00Z,13.605,13.65,13.416,13.616999999,777170
2020-03-05T05:00:00Z,13.396,13.722999999,13.396,13.688,983100
2020-03-06T05:00:00Z,13.39,13.674,13.39,13.628,733840
2020-03-09T04:00:00Z,13.135,13.281,12.91,12.943,808330
2020-03-10T04:00:00Z,13.193,13.193,12.626,12.997999999,1429950
2020-03-11T04:00:00Z,12.761,12.776,12.2,12.415,715510
2020-03-12T04:00:00Z,11.998,12.26,10.806,10.853,1351310
2020-03-13T04:00:00Z,11.192,11.37,10.627,11.133,1496920
2020-03-16T04:00:00Z,10.288,10.845,9.979,10.666,1368210
2020-03-17T04:00:00Z,10.804,11.281,10.563,10.936,1060720
2020-03-18T04:00:00Z,10.335,10.415,9.122,9.22,1150610
2020-03-19T04:00:00Z,9.176,10.724,9.0,10.538,901980
2020-03-20T04:00:00Z,10.575,10.909,9.934,10.074,1045920
2020-03-23T04:00:00Z,10.231,10.431,9.653,10.247,623890
2020-03-24T04:00:00Z,10.592,10.733,10.305,10.689,750110
2020-03-25T04:00:00Z,10.758,10.876,10.305,10.413,861010
2020-03-26T04:00:00Z,10.5,11.164,10.5,11.054,718690
2020-03-27T04:00:00Z,10.732,10.936,10.455,10.631,751680
2020-03-30T04:00:00Z,10.72,11.067,10.467,11.024,712270
2020-03-31T04:00:00Z,10.999,11.8175,10.999,11.81,1206020
2020-04-01T04:00:00Z,11.505,11.663,10.8644,11.339,799470
2020-04-02T04:00:00Z,11.224,11.786,11.15,11.449,379930
2020-04-03T04:00:00Z,11.344,11.56,10.939,11.223,428980
2020-04-06T04:00:00Z,11.756,11.756,11.249,11.603,674750
2020-04-07T04:00:00Z,11.778,11.98,11.511,11.771,545360
2020-04-08T04:00:00Z,11.939,12.46,11.874,12.3,587670
2020-04-09T04:00:00Z,12.485,12.733,12.28181,12.542,523980
2020-04-13T04:00:00Z,12.43,12.43,11.957,12.209,490560
2020-04-14T04:00:00Z,12.602,12.7605,12.483,12.65,763420
2020-04-15T04:00:00Z,12.162,12.49,12.049,12.26,597890
2020-04-16T04:00:00Z,12.279,12.546,12.207,12.413,597040
2020-04-17T04:00:00Z,12.723,12.742,12.545,12.653,720150
2020-04-20T04:00:00Z,12.406,12.736,12.3,12.692,460430
2020-04-21T04:00:00Z,12.406,12.452,12.1655,12.271,677630
2020-04-22T04:00:00Z,12.448,12.621,12.339,12.501,547570
2020-04-23T04:00:00Z,12.562,12.758,12.4,12.598,585610
2020-04-24T04:00:00Z,12.596,12.748,12.4645,12.555,364380
2020-04-27T04:00:00Z,12.727,13.13,12.6998,12.922999999,665690
2020-04-28T04:00:00Z,12.99,13.101499999,12.78,12.885,855100
2020-04-29T04:00:00Z,13.008,13.008,12.32,12.748,1614670
2020-04-30T04:00:00Z,12.571,12.8835,12.525,12.633,889370
2020-05-01T04:00:00Z,12.366,12.4175,12.0965,12.259,664460
2020-05-04T04:00:00Z,12.219,12.219,11.714,11.855,910580
2020-05-05T04:00:00Z,12.036,12.3865,11.98,12.081,577740
2020-05-06T04:00:00Z,12.108,12.343,12.081,12.2,627020
2020-05-07T04:00:00Z,12.358,12.475,12.264,12.348,707840
2020-05-08T04:00:00Z,12.538,12.575,12.1615,12.467,1103710
2020-05-11T04:00:00Z,12.49,12.5575,12.345,12.382,788380
2020-05-12T04:00:00Z,12.423,12.423,11.963,12.011,696860
2020-05-13T04:00:00Z,11.957,11.957,11.475,11.495,567910
2020-05-14T04:00:00Z,11.207,11.356,10.964,11.321,1247830
2020-05-15T04:00:00Z,11.339,11.711,11.0235,11.558,1841660
2020-05-18T04:00:00Z,11.881,12.07,11.881,12.013,870740
2020-05-19T04:00:00Z,12.074,12.2675,11.879,11.906,905760
2020-05-20T04:00:00Z,12.08,12.196,11.824,12.124,599170
2020-05-21T04:00:00Z,12.04,12.205,11.962,12.072,1008790
2020-05-22T04:00:00Z,12.136,12.247,12.068,12.237,799030
2020-05-26T04:00:00Z,12.4,12.498,12.2845,12.471,1011920
2020-05-27T04:00:00Z,12.634,12.665,12.404,12.592,631730
2020-05-28T04:00:00Z,12.678,12.735,12.486,12.534,766220
2020-05-29T04:00:00Z,12.445,12.5135,12.39,12.448,750400
2020-06-01T04:00:00Z,12.499,12.499,12.26,12.26,750940
2020-06-02T04:00:00Z,12.245,12.288,12.0305,12.109,1018770
2020-06-03T04:00:00Z,12.251,13.047999999,12.178,12.963,776090
2020-06-04T04:00:00Z,12.804,12.874,12.362,12.53,619170
2020-06-05T04:00:00Z,12.843,12.869999999,12.482,12.521,549830
2020-06-08T04:00:00Z,12.552,12.7825,12.361,12.636,695990
2020-06-09T04:00:00Z,12.503,12.631,12.313,12.568,388270
2020-06-10T04:00:00Z,12.59,12.59,12.305,12.392,540600
2020-06-11T04:00:00Z,12.154,12.19,11.699,11.734,682460
2020-06-12T04:00:00Z,12.029,12.1935,11.576,11.802,652470
2020-06-15T04:00:00Z,11.578,12.389,11.508,12.267,1107930
2020-06-16T04:00:00Z,12.579,12.613,12.111,12.196,422080
2020-06-17T04:00:00Z,12.275,12.275,12.014,12.173,498550
2020-06-18T04:00:00Z,12.059,12.143,11.827,11.946,865010
2020-06-19T04:00:00Z,12.086,12.086,11.569,11.819,4881430
2020-06-22T04:00:00Z,11.901,11.999,11.747,11.871,638720
2020-06-23T04:00:00Z,11.927,11.958,11.722,11.754,496820
2020-06-24T04:00:00Z,11.707,11.707,11.405,11.438,564080
2020-06-25T04:00:00Z,11.383,11.791,11.355,11.779,583940
2020-06-26T04:00:00Z,11.689,11.725,11.415,11.6,1331500
2020-06-29T04:00:00Z,11.719,11.966,11.718,11.85,452980
2020-06-30T04:00:00Z,11.805,11.977,11.766,11.829,476880
2020-07-01T04:00:00Z,11.779,11.997,11.767,11.78,411590
2020-07-02T04:00:00Z,11.865,11.943,11.7,11.735,502850
2020-07-06T04:00:00Z,11.883,12.068,11.792,11.975,802250
2020-07-07T04:00:00Z,11.962,12.102,11.775,11.809,487190
2020-07-08T04:00:00Z,11.757,11.824,11.681,11.822,934090
2020-07-09T04:00:00Z,11.789,11.838,11.60901,11.737,394690
2020-07-10T04:00:00Z,11.765,11.866,11.718,11.766,478090
2020-07-13T04:00:00Z,11.811,11.978,11.568,11.579,681420
2020-07-14T04:00:00Z,11.629,11.741,11.421,11.666,1080210
2020-07-15T04:00:00Z,11.805,12.1435,11.786,12.045,802990
2020-07-16T04:00:00Z,11.957,11.957,11.785,11.846,611740
2020-07-17T04:00:00Z,11.805,11.972,11.723,11.834,400880
2020-07-20T04:00:00Z,11.81,12.142,11.81,12.051,314240
2020-07-21T04:00:00Z,12.148,12.2,12.004,12.104,729280
2020-07-22T04:00:00Z,12.106,12.251,11.994,12.121,417010
2020-07-23T04:00:00Z,12.069,12.2585,11.934,11.976,499000
2020-07-24T04:00:00Z,11.887,11.92417,11.632,11.695,545040
2020-07-27T04:00:00Z,11.755,11.855,11.62575,11.766,677610
2020-07-28T04:00:00Z,11.706,11.925,11.587,11.781,670540
2020-07-29T04:00:00Z,12.399,12.726,11.865,12.274,1438400
2020-07-30T04:00:00Z,12.073,12.296,12.0545,12.215,559940
2020-07-31T04:00:00Z,12.17,12.426,12.0,12.392,824350
2020-08-03T04:00:00Z,12.437,12.437,12.248,12.366,526220
2020-08-04T04:00:00Z,12.312,12.339,12.1835,12.332,502230
2020-08-05T04:00:00Z,12.411,12.517,12.334,12.395,523010
2020-08-06T04:00:00Z,12.38,12.39,12.215,12.335,348080
2020-08-07T04:00:00Z,12.3,12.401,12.234,12.339,369620
2020-08-10T04:00:00Z,12.338,12.441,12.238,12.362,472530
2020-08-11T04:00:00Z,14.199,14.54285,13.479,13.488999999,3338920
2020-08-12T04:00:00Z,13.502,14.075,13.502,13.704,1807220
2020-08-13T04:00:00Z,13.847999999,13.9345,13.685,13.7,752160
2020-08-14T04:00:00Z,13.762,14.675,13.75,14.663,2857870
2020-08-17T04:00:00Z,14.801,15.169999999,14.184,14.384,2295090
2020-08-18T04:00:00Z,14.444,14.597999999,14.175,14.313999999,1218240
2020-08-19T04:00:00Z,14.338999999,14.338999999,13.9715,14.166999999,1560090
2020-08-20T04:00:00Z,14.175,14.506,14.175,14.413999999,1006740
2020-08-21T04:00:00Z,14.44,14.591999999,14.354,14.508,734640
2020-08-24T04:00:00Z,14.65,14.928,14.536,14.858,879930
2020-08-25T04:00:00Z,14.869999999,15.029,14.655,14.696,1165050
2020-08-26T04:00:00Z,14.868,14.896,14.576499999,14.606,820040
2020-08-27T04:00:00Z,14.733,14.762,14.413999999,14.652,760870
2020-08-28T04:00:00Z,14.749,15.046,14.668,14.688999999,838570
2020-08-31T04:00:00Z,14.726,14.79604,14.399,14.444,802910
2020-09-01T04:00:00Z,14.501,14.910499999,14.501,14.882,863490
2020-09-02T04:00:00Z,14.846,15.122999999,14.774,15.0,1004830
2020-09-03T04:00:00Z,14.875,14.875,14.391,14.428,789950
2020-09-04T04:00:00Z,14.441,14.441,13.688999999,14.219,1248270
2020-09-08T04:00:00Z,14.061,14.315,13.882,13.882,883910
2020-09-09T04:00:00Z,13.983,14.235499999,13.9,14.115,1407420
2020-09-10T04:00:00Z,14.172,14.309,13.944,13.972,1486610
2020-09-11T04:00:00Z,14.087,14.1405,13.884,14.113,1164030
2020-09-14T04:00:00Z,14.163,14.304,14.021,14.262,695050
2020-09-15T04:00:00Z,14.5,15.599,14.381,15.575,2621230
2020-09-16T04:00:00Z,15.894,17.65597,15.775,17.49,4596690
2020-09-17T04:00:00Z,17.34,17.34,16.259,16.361,1798000
2020-09-18T04:00:00Z,16.552,16.6169,15.744,15.959,3469670
2020-09-21T04:00:00Z,15.769999999,15.769999999,14.9205,15.216,1597000
2020-09-22T04:00:00Z,15.337,15.465,14.93869,15.425,896600
2020-09-23T04:00:00Z,15.38,15.477,14.811,14.828,1116530
2020-09-24T04:00:00Z,14.738,14.806,14.46,14.606,1221850
2020-09-25T04:00:00Z,14.616999999,14.696,14.499,14.613,1692740
2020-09-28T04:00:00Z,14.844999999,15.341,14.844999999,15.146,1443970
2020-09-29T04:00:00Z,15.066999999,15.11,14.808,14.969,623970
2020-09-30T04:00:00Z,15.022,15.307,14.986,15.056,823790
2020-10-01T04:00:00Z,15.066,15.271,14.855,14.896,694170
2020-10-02T04:00:00Z,14.632,14.994999999,14.516,14.646,1102680
2020-10-05T04:00:00Z,14.772999999,14.974,14.69,14.821,495430
2020-10-06T04:00:00Z,14.932,15.43539,14.922999999,15.004,912340
2020-10-07T04:00:00Z,15.1,15.344,15.082499999,15.309,517800
2020-10-08T04:00:00Z,15.533,16.478989999,15.533,16.394,1679740
2020-10-09T04:00:00Z,16.459,16.553,16.065,16.472999999,1020610
2020-10-12T04:00:00Z,16.716,16.94,16.43,16.646,881520
2020-10-13T04:00:00Z,16.56,16.654,16.403,16.608,585630
2020-10-14T04:00:00Z,16.638999999,16.784,16.28,16.424,539520
2020-10-15T04:00:00Z,16.243,16.687,16.233,16.597,531030
2020-10-16T04:00:00Z,16.597999999,16.736,16.469,16.469999999,384910
2020-10-19T04:00:00Z,16.56,16.768,16.343,16.413999999,873030
2020-10-20T04:00:00Z,16.456,17.235,16.404,16.907,3116100
2020-10-21T04:00:00Z,17.489,18.575,17.489,18.105,2735270
2020-10-22T04:00:00Z,18.549,18.621,17.8,18.305,1783260
2020-10-23T04:00:00Z,18.327,18.497,18.11904,18.43,1203880
2020-10-26T04:00:00Z,18.448,18.7,17.253,17.5,1688130
2020-10-27T04:00:00Z,17.603,17.9,17.253,17.558,1706700
2020-10-28T04:00:00Z,18.0,18.24527,16.16,16.215,3873730
2020-10-29T04:00:00Z,16.238999999,16.707,16.172999999,16.196,1836670
2020-10-30T04:00:00Z,16.196,16.725,15.954,16.707,2360740
2020-11-02T05:00:00Z,16.891,16.922999999,16.25,16.657,1256550
2020-11-03T05:00:00Z,16.976,17.261,16.778,17.195,910040
2020-11-04T05:00:00Z,17.295,17.836,17.144,17.253,1103540
2020-11-05T05:00:00Z,17.85,18.3601,17.78506,18.168,1731550
2020-11-06T05:00:00Z,18.379,18.618,17.75,18.562,1584960
2020-11-09T05:00:00Z,18.399,18.727,18.174,18.5005,3110780
2020-11-10T05:00:00Z,18.458,18.969,18.4,18.614,1695470
2020-11-11T05:00:00Z,18.816,19.322,18.725,19.216,1330400
2020-11-12T05:00:00Z,19.536,19.608,18.564,18.694,1771690
2020-11-13T05:00:00Z,18.848,19.391,18.656,19.227,1649180
2020-11-16T05:00:00Z,19.433,20.43699,19.22075,20.393,2020280
2020-11-17T05:00:00Z,20.415,20.968,19.956,20.82,1963000
2020-11-18T05:00:00Z,21.179,22.685,21.179,21.296,3780410
2020-11-19T05:00:00Z,21.2,21.897,20.911,21.711,1432740
2020-11-20T05:00:00Z,21.742,22.7,21.62,22.211,2120540
2020-11-23T05:00:00Z,22.7,22.7,21.437,22.076,2011150
2020-11-24T05:00:00Z,22.57,24.8835,22.241,24.723,11249750
2020-11-25T05:00:00Z,25.43,27.722,25.202,27.027499999,8851140
2020-11-27T05:00:00Z,25.5,28.0,25.35106,27.126,5619020
2020-11-30T05:00:00Z,30.03,34.75,29.9,34.277,15650140
2020-12-01T05:00:00Z,32.4,35.894,31.686,32.4,7994100
2020-12-02T05:00:00Z,32.3,33.0,31.054,32.132,4080880
2020-12-03T05:00:00Z,32.783999999,33.279,32.206,33.16,2544130
2020-12-04T05:00:00Z,32.66184,33.720999999,31.738,32.8,2967860
2020-12-07T05:00:00Z,33.007,34.972,32.552999999,33.622,3539950
2020-12-08T05:00:00Z,31.7,31.8,28.81101,28.945,14912360
2020-12-09T05:00:00Z,28.412,29.114,27.408999999,28.620999999,13241360
2020-12-10T05:00:00Z,28.517,29.177,28.238,29.033,5052300
2020-12-11T05:00:00Z,28.995,29.5253,27.944,28.592,3758830
2020-12-14T05:00:00Z,29.893,30.0,27.638,27.952999999,8305790
2020-12-15T05:00:00Z,28.370999999,28.983,27.73901,28.579,5410280
2020-12-16T05:00:00Z,31.27,31.5,29.8,29.912,11191800
2020-12-17T05:00:00Z,32.1,32.2325,29.329,29.78,12493030
2020-12-18T05:00:00Z,29.5,30.4,28.717,30.12,13231450
2020-12-21T05:00:00Z,29.763,32.2,29.502,31.76,7129070
2020-12-22T05:00:00Z,32.699,33.593,32.037,33.15,6421770
2020-12-23T05:00:00Z,33.467,34.32,32.516,33.718,5940570
2020-12-24T05:00:00Z,33.7,33.88279,32.036,32.261,2526130
2020-12-28T05:00:00Z,36.729,37.999,35.402,37.0,10977120
2020-12-29T05:00:00Z,36.7,37.124,34.4,36.607,7351730
2020-12-30T05:00:00Z,37.7,39.982,37.1,38.997,9352410
2020-12-31T05:00:00Z,39.102,39.99798,37.7115,38.855,7396120
2021-01-04T05:00:00Z,41.633,44.439,41.001,42.522,14679020
2021-01-05T05:00:00Z,42.105,43.84,40.65101,42.863,11006240
2021-01-06T05:00:00Z,43.084,48.30199,43.084,48.055,15360310
2021-01-07T05:00:00Z,52.132,55.98599,50.211,53.575,22844050
2021-01-08T05:00:00Z,56.507,56.866,51.3315,53.164,16453870
2021-01-11T05:00:00Z,47.214,51.19845,46.451,49.549,14856440
2021-01-12T05:00:00Z,50.278,51.995,48.851,51.424,6717660
2021-01-13T05:00:00Z,50.073,52.399,49.234,51.926,6174580
2021-01-14T05:00:00Z,54.261,63.16,53.862339999,63.1,19117760
2021-01-15T05:00:00Z,60.71,62.284,57.4,57.807,16088990
2021-01-19T05:00:00Z,61.653,62.145,57.90001,59.221,10377700
2021-01-20T05:00:00Z,57.925,58.9,53.2,55.082,12316610
2021-01-21T05:00:00Z,51.404999999,53.254999999,50.46,52.046,11784700
2021-01-22T05:00:00Z,52.501,58.25,52.5,57.703,11332760
2021-01-25T05:00:00Z,59.029999999,59.908079999,55.114,57.141999999,6833520
2021-01-26T05:00:00Z,55.5,56.46484,54.6,55.980999999,4789170
2021-01-27T05:00:00Z,53.323,54.9465,50.57,54.01,6563770
2021-01-28T05:00:00Z,56.129999999,60.533,55.151,57.8375,7630460
2021-01-29T05:00:00Z,68.0,69.64763,60.75001,61.730999999,14354190
2021-02-01T05:00:00Z,62.034,63.986,58.60501,63.455999999,5555000
2021-02-02T05:00:00Z,65.001,69.128,63.816999999,68.792,5342780
2021-02-03T05:00:00Z,70.164,75.383,69.599,74.119,9211890
2021-02-04T05:00:00Z,77.09,77.12282,71.75,76.559,6365030
2021-02-05T05:00:00Z,77.118,80.601,74.502,80.6,7666720
2021-02-08T05:00:00Z,92.583,104.99999,89.001,104.1,20997740
2021-02-09T05:00:00Z,113.774,131.5,106.5407,127.294,23197090
2021-02-10T05:00:00Z,119.601,119.9,95.036,97.448,22972540
2021-02-11T05:00:00Z,113.72,113.992,97.702,100.994,16131560
2021-02-12T05:00:00Z,101.559,104.488899999,96.101,103.431,7674280
2021-02-16T05:00:00Z,107.083999999,108.25678,95.423,95.5,15017200
2021-02-17T05:00:00Z,93.95,95.4,87.8,94.18,18192320
2021-02-18T05:00:00Z,92.69,96.0,90.206,92.778,7943510
2021-02-19T05:00:00Z,94.5,100.8,91.459,96.372,11530630
2021-02-22T05:00:00Z,87.1,93.228,86.5,87.6,7659210
2021-02-23T05:00:00Z,80.001,80.1575,66.0,69.123,18754950
2021-02-24T05:00:00Z,73.4,82.2145,71.58801,81.769,12004830
2021-02-25T05:00:00Z,84.094,84.5,72.61001,73.161,7840610
2021-02-26T05:00:00Z,68.712,80.406,68.114,75.041,11783600
2021-03-01T05:00:00Z,79.84,80.49999,75.888,78.244,7680380
2021-03-02T05:00:00Z,81.51,81.74864,74.10721,74.85,6439860
2021-03-03T05:00:00Z,78.178,79.8,72.781,73.157,7720600
2021-03-04T05:00:00Z,71.298,73.799,61.00001,64.566,12206140
2021-03-05T05:00:00Z,65.765,66.3,53.722,62.024,13547510
2021-03-08T05:00:00Z,64.501,66.9455,61.7,62.419,6721080
2021-03-09T05:00:00Z,68.657,73.548,68.175,71.599,8736120
2021-03-10T05:00:00Z,75.0,75.903,71.1,75.655,6430180
2021-03-11T05:00:00Z,77.5,80.5,76.11271,80.375,5284900
2021-03-12T05:00:00Z,75.98,81.0,75.003,78.4,4675520
2021-03-15T04:00:00Z,78.833,80.9,76.3665,76.901,4407090
2021-03-16T04:00:00Z,75.879,77.0,70.14328,72.429,4151180
2021-03-17T04:00:00Z,70.223,78.507,69.827,77.099,5431670
2021-03-18T04:00:00Z,75.452,80.899,72.801,73.205,6218900
2021-03-19T04:00:00Z,74.953,78.527,71.45391,77.704,9565320
2021-03-22T04:00:00Z,76.72,77.5,72.15,72.456,4988100
2021-03-23T04:00:00Z,71.681,73.53513,67.001,67.721,7168580
2021-03-24T04:00:00Z,70.532,71.04996,61.522,62.157,7068250
2021-03-25T04:00:00Z,58.0695,62.6415,56.6,62.091,8815840
2021-03-26T04:00:00Z,62.6,64.229999999,60.038,62.4,5241380
2021-03-29T04:00:00Z,65.886,66.292999999,62.723,63.134,4431140
2021-03-30T04:00:00Z,64.246,66.67999,62.030999999,65.398,5625730
2021-03-31T04:00:00Z,64.761,69.421,64.138,67.879999999,5614520
2021-04-01T04:00:00Z,68.846,72.583,68.74575,70.356,4023920
2021-04-05T04:00:00Z,70.975,73.6035,69.329,72.055,4858780
2021-04-06T04:00:00Z,72.119,72.119,67.69901,70.458,5936600
2021-04-07T04:00:00Z,67.8,69.55662,65.2,65.62,4522420
2021-04-08T04:00:00Z,67.07,70.27124,66.43837,69.012,4361170
2021-04-09T04:00:00Z,70.999,72.0,68.94595,71.1,3446770
2021-04-12T04:00:00Z,73.519,74.594,70.485,71.824,4812220
2021-04-13T04:00:00Z,74.5,86.999,73.47901,84.854,17021780
2021-04-14T04:00:00Z,88.098,88.21,73.0,73.55,15824940
2021-04-15T04:00:00Z,75.317,75.49401,70.9,74.015,6863360
2021-04-16T04:00:00Z,70.71,72.0,68.5,69.362,7627930
2021-04-19T04:00:00Z,65.004,66.5,62.35,63.752,8798870
2021-04-20T04:00:00Z,63.9,64.8,61.4,64.645,5524040
2021-04-21T04:00:00Z,62.84,66.546,62.84,65.046,4179340
2021-04-22T04:00:00Z,64.201,65.05,59.4,59.82,7152860
2021-04-23T04:00:00Z,57.589,61.84,56.9,61.304,6618920
2021-04-26T04:00:00Z,63.676,65.979999999,62.8,65.882,4791030
2021-04-27T04:00:00Z,67.3,68.49999,65.5,67.699,5112980
2021-04-28T04:00:00Z,67.36,68.9,66.55,68.082,2972810
2021-04-29T04:00:00Z,66.5,67.5,63.791,65.501,4397460
2021-04-30T04:00:00Z,64.702,67.5,64.632,65.716,5596910
2021-05-03T04:00:00Z,67.397,67.397,63.439,63.562,4644910
2021-05-04T04:00:00Z,61.95103,62.8,59.8888,61.688,5146250
2021-05-05T04:00:00Z,63.0,65.199,60.890009999,62.345,4974750
2021-05-06T04:00:00Z,61.288,62.27699,58.701,60.908,3551950
2021-05-07T04:00:00Z,60.897,63.179999999,60.833,62.046,3635270
2021-05-10T04:00:00Z,61.586,61.586,56.647,56.946,5226850
2021-05-11T04:00:00Z,53.5,58.499,52.528009999,57.696,6629500
2021-05-12T04:00:00Z,55.628,57.779999999,53.864,54.188,4216480
2021-05-13T04:00:00Z,51.12,54.297,47.80701,48.808,9391400
2021-05-14T04:00:00Z,50.126,52.362,49.2,52.130999999,5616380
2021-05-17T04:00:00Z,48.4,49.95103,46.88801,48.935,8046070
2021-05-18T04:00:00Z,48.891,50.426,47.057,48.72,5982290
2021-05-19T04:00:00Z,42.285,45.849,41.15801,45.486,15054230
2021-05-20T04:00:00Z,47.766,49.3,45.728,47.266,8614180
2021-05-21T04:00:00Z,47.173,48.76699,44.777,45.052,8530430
2021-05-24T04:00:00Z,46.5,47.826,44.72493,47.245,7574830
2021-05-25T04:00:00Z,46.4,47.988,45.82101,46.967,6722340
2021-05-26T04:00:00Z,47.734,49.599,47.654,48.279,5425620
2021-05-27T04:00:00Z,49.2,50.20605,48.50654,49.385,5039440
2021-05-28T04:00:00Z,48.2,48.292,46.764,47.0,4858770
2021-06-01T04:00:00Z,47.124,48.466,46.898,47.776,4324700
2021-06-02T04:00:00Z,48.3,50.13,47.872,49.85,3529700
2021-06-03T04:00:00Z,50.12,50.198,48.4,48.864,3954760
2021-06-04T04:00:00Z,48.17,48.599,47.4,48.467,3171760
2021-06-07T04:00:00Z,48.25,48.855,46.407,46.981,6103930
2021-06-08T04:00:00Z,45.8,46.189,42.793,45.938,10917020
2021-06-09T04:00:00Z,47.0,51.566999999,45.55901,51.299,14822300
2021-06-10T04:00:00Z,51.239,52.987,49.59101,50.865,9537150
2021-06-11T04:00:00Z,51.3,52.097,50.4,51.644,5003710
2021-06-14T04:00:00Z,54.4,60.569,54.4,59.849,15572850
2021-06-15T04:00:00Z,60.204999999,63.582,58.916999999,63.054,13100270
2021-06-16T04:00:00Z,61.665,63.988,60.884,61.982,10394960
2021-06-17T04:00:00Z,61.74,64.2,61.254999999,63.080999999,8847590
2021-06-18T04:00:00Z,61.6,64.765,61.55204,64.646,15437170
2021-06-21T04:00:00Z,59.916999999,61.4,57.70001,58.366999999,13780560
2021-06-22T04:00:00Z,53.501,56.42,51.302009999,55.372,25669870
2021-06-23T04:00:00Z,57.948,58.655999999,55.1225,55.3,10557510
2021-06-24T04:00:00Z,57.0,59.0,56.10001,58.188,7934570
2021-06-25T04:00:00Z,56.746,57.121,53.980999999,55.004999999,10046650
2021-06-28T04:00:00Z,57.033,62.951,56.58669,62.416999999,17297750
2021-06-29T04:00:00Z,65.0,69.299,64.7,66.899,16136250
2021-06-30T04:00:00Z,64.501,66.9,63.742999999,66.45,8589180
2021-07-01T04:00:00Z,65.059,65.724,63.712,65.086,5873530
2021-07-02T04:00:00Z,65.897,66.191999999,63.426,63.561,5286080
2021-07-06T04:00:00Z,65.208,65.352,62.129,63.429,4862190
2021-07-07T04:00:00Z,64.5,64.716999999,62.3213,63.986,4511020
2021-07-08T04:00:00Z,60.3,62.527239999,59.469,61.844,5180280
2021-07-09T04:00:00Z,62.19,63.592999999,61.52,62.866,3939610
2021-07-12T04:00:00Z,63.225,63.241999999,58.521,58.869,8262540
2021-07-13T04:00:00Z,58.557,59.7,57.295,57.988,7175620
2021-07-14T04:00:00Z,58.5,59.044,56.041,56.042999999,6274620
2021-07-15T04:00:00Z,54.7,55.995,52.507,54.104,7337780
2021-07-16T04:00:00Z,54.39,54.638,52.052009999,52.309,6090550
2021-07-19T04:00:00Z,50.766,52.249,49.2,49.872,7287290
2021-07-20T04:00:00Z,48.799,50.5875,47.23801,50.178,7345010
2021-07-21T04:00:00Z,54.0,56.9812,52.827,55.694,10994450
2021-07-22T04:00:00Z,55.541999999,56.805999999,53.501,55.594,7111990
2021-07-23T04:00:00Z,55.841999999,56.589,53.339059999,53.971,5748900
2021-07-26T04:00:00Z,62.1,69.5,62.026,68.25,20169070
2021-07-27T04:00:00Z,66.375,67.751,62.227,63.061,9698650
2021-07-28T04:00:00Z,66.395,67.7,63.2195,64.665,10824590
2021-07-29T04:00:00Z,64.192999999,64.86,61.937,62.501,5795460
2021-07-30T04:00:00Z,61.557,63.548,60.691,62.601,6325980
2021-08-02T04:00:00Z,62.259,65.9,61.50901,63.779,12550560
2021-08-03T04:00:00Z,63.462,63.462,60.513,62.505999999,8444240
2021-08-04T04:00:00Z,63.028,67.5,63.001,67.092999999,10014610
2021-08-05T04:00:00Z,64.35854,72.968,63.37038,71.562,11665390
2021-08-06T04:00:00Z,72.0,75.099,70.13,74.872,13120310
2021-08-09T04:00:00Z,79.63113,79.79999,76.27,76.773,14213490
2021-08-10T04:00:00Z,76.663,77.70151,74.418,75.049,7967180
2021-08-11T04:00:00Z,76.224,77.08799,74.011,74.749,7282940
2021-08-12T04:00:00Z,72.472,73.08,71.24001,72.099,7207110
2021-08-13T04:00:00Z,74.5,75.389,72.61,72.8,6573570
2021-08-16T04:00:00Z,74.0,74.1,69.221,69.751,6727850
2021-08-17T04:00:00Z,69.107,70.0,65.748,66.369,6615120
2021-08-18T04:00:00Z,65.912,67.8,65.267999999,65.504999999,5472690
2021-08-19T04:00:00Z,64.634,67.86,64.142999999,67.626,6727260
2021-08-20T04:00:00Z,68.616999999,72.79899,68.30101,71.656,9820610
2021-08-23T04:00:00Z,74.19,74.77799,71.006,71.851,8138490
2021-08-24T04:00:00Z,71.793,71.793,69.12201,71.55,8113500
2021-08-25T04:00:00Z,71.465,73.51,70.5,72.671,6648690
2021-08-26T04:00:00Z,71.2,71.45,69.155,69.366,5714500
2021-08-27T04:00:00Z,69.95,72.109,69.505,70.72,8108760
2021-08-30T04:00:00Z,70.259,70.832,69.397,70.299,5287620
2021-08-31T04:00:00Z,70.233,70.5,68.709,69.43,5307240
2021-09-01T04:00:00Z,70.0,71.69999,69.101,70.25,8252350
2021-09-02T04:00:00Z,72.289,73.26599,69.5,69.571,7360010
2021-09-03T04:00:00Z,71.61,72.8,70.35,71.226,7380230
2021-09-07T04:00:00Z,69.9,70.2,64.478,64.801,18091800
2021-09-08T04:00:00Z,64.81,65.894,63.063,63.862,8218440
2021-09-09T04:00:00Z,64.51,65.38207,63.238,64.062,6506990
2021-09-10T04:00:00Z,63.815,64.436,61.203,61.557,6829420
2021-09-13T04:00:00Z,60.9,64.273,60.031129999,64.27,9330590
2021-09-14T04:00:00Z,64.5,65.101379999,61.291999999,61.848,5726430
2021-09-15T04:00:00Z,62.8,64.23699,62.05112,63.3,5648500
2021-09-16T04:00:00Z,63.212,63.323,61.148,63.3,5106760
2021-09-17T04:00:00Z,63.3,63.45299,61.203,61.429,21566330
2021-09-20T04:00:00Z,57.441999999,59.30999,56.829,58.839,7755170
2021-09-21T04:00:00Z,58.887,59.422,57.6,58.102,4633140
2021-09-22T04:00:00Z,58.935,60.497,58.4797,59.961,3781060
2021-09-23T04:00:00Z,60.673,61.776,59.86661,61.657,3975870
2021-09-24T04:00:00Z,58.0,60.232989999,57.5,59.939,4683390
2021-09-27T04:00:00Z,60.325,60.6,58.97301,59.475,2755580
2021-09-28T04:00:00Z,58.525,58.99999,57.158,57.351,3382430
2021-09-29T04:00:00Z,58.071,58.647,56.526,56.632,2928430
2021-09-30T04:00:00Z,58.212,59.735,57.44,57.84,3172000
2021-10-01T04:00:00Z,61.561,61.561,59.226,61.246,5111670
2021-10-04T04:00:00Z,61.148,61.363,58.279,60.725,4355210
2021-10-05T04:00:00Z,62.032,65.251,61.28001,65.101,4490270
2021-10-06T04:00:00Z,67.0,68.23899,65.0,67.380999999,7123120
2021-10-07T04:00:00Z,66.5,69.38352,66.367999999,69.279,5028590
2021-10-08T04:00:00Z,69.917,71.27899,69.049,70.882,6862420
2021-10-11T04:00:00Z,72.0,75.19924,71.825,73.18,5771430
2021-10-12T04:00:00Z,72.844,73.96228,70.19401,71.065,4133090
2021-10-13T04:00:00Z,71.0,72.741,70.349,72.63,2921190
2021-10-14T04:00:00Z,73.867,74.09161,71.854,72.395,2798690
2021-10-15T04:00:00Z,73.999,76.19799,73.4,74.985,7322730
2021-10-18T04:00:00Z,74.8,75.738,73.80786,73.964,5830250
2021-10-19T04:00:00Z,74.22481,75.06995,70.101,72.725,7485910
2021-10-20T04:00:00Z,73.5,77.707,73.157,75.818,7379360
2021-10-21T04:00:00Z,75.287,75.95259,72.957,73.543,4652960
2021-10-22T04:00:00Z,73.143,73.85,70.7,71.852,3685640
2021-10-25T04:00:00Z,73.645,75.5485,73.3,74.602,3807340
2021-10-26T04:00:00Z,74.032,75.4714,73.246,73.486,3231860
2021-10-27T04:00:00Z,72.0,72.882,70.958,71.502,3647300
2021-10-28T04:00:00Z,72.894,74.80202,70.8,71.713,6713850
2021-10-29T04:00:00Z,72.41,73.718,69.141,71.506,6983120
2021-11-01T04:00:00Z,72.1,74.5265,71.119,73.612,4407710
2021-11-02T04:00:00Z,75.696,84.1,74.1,79.414,14874270
2021-11-03T04:00:00Z,78.159,81.7634,77.817,81.025,6658760
2021-11-04T04:00:00Z,81.0,82.87422,79.0,80.0,3768490
2021-11-05T04:00:00Z,80.387,81.205,77.91,79.751,6187970
2021-11-08T05:00:00Z,84.199,87.3185,84.028,86.0,7177970
2021-11-09T05:00:00Z,88.45,89.13799,83.501,85.901,5312120
2021-11-10T05:00:00Z,88.0,88.0,80.368,81.634,5571660
2021-11-11T05:00:00Z,81.233,83.704,80.7,81.836,2881250
2021-11-12T05:00:00Z,81.102,81.25799,78.58567,81.173,4632420
2021-11-15T05:00:00Z,81.996,81.996,78.13401,79.5,3914780
2021-11-16T05:00:00Z,76.85,77.99978,74.84132,75.202,4937230
2021-11-17T05:00:00Z,76.36,76.5,73.7,75.3,3575580
2021-11-18T05:00:00Z,75.051,75.051,71.697,72.736,5013420
2021-11-19T05:00:00Z,73.512,73.9,71.8,71.831,4345930
2021-11-22T05:00:00Z,72.471,72.581,68.839,69.002,4001950
2021-11-23T05:00:00Z,69.427,70.899,68.073,69.677,3462660
2021-11-24T05:00:00Z,68.8,70.399,68.1,70.09,5555000
2021-11-26T05:00:00Z,68.129,68.129,65.5,66.3,3722110
2021-11-29T05:00:00Z,69.0,70.452,67.132,69.548,5869580
2021-11-30T05:00:00Z,69.825,72.66,69.0,72.143,6640030
2021-12-01T05:00:00Z,73.264,74.399,70.0,70.547,7659450
2021-12-02T05:00:00Z,69.152,71.185,66.705999999,68.336,4995330
2021-12-03T05:00:00Z,67.592999999,68.38937,61.624,63.099,8091270
2021-12-06T05:00:00Z,59.491999999,60.401,56.573,59.647,6395880
2021-12-07T05:00:00Z,62.1,64.71899,62.1,62.816999999,3965360
2021-12-08T05:00:00Z,62.366999999,64.15,61.20001,63.654,2270420
2021-12-09T05:00:00Z,62.15,62.5275,58.744,59.188,3760840
2021-12-10T05:00:00Z,61.361,61.953,58.135,60.084,3513700
2021-12-13T05:00:00Z,59.495,59.499,56.55601,57.164,3757930
2021-12-14T05:00:00Z,56.5,58.45,55.654,58.038,3645850
2021-12-15T05:00:00Z,57.761,60.3,54.8,59.859,5288870
2021-12-16T05:00:00Z,59.572,60.20785,55.966,56.694,4017540
2021-12-17T05:00:00Z,55.354999999,58.084,52.880999999,57.158,7467670
2021-12-20T05:00:00Z,55.282,56.3645,54.3,54.639,3438310
2021-12-21T05:00:00Z,56.77,57.476,55.678,56.75,2826570
2021-12-22T05:00:00Z,56.836,57.85199,56.2,56.999,2713520
2021-12-23T05:00:00Z,56.829999999,59.99999,56.301,59.721,5451070
2021-12-27T05:00:00Z,60.0,62.15166,59.84,60.828,3128900
2021-12-28T05:00:00Z,59.0,59.02343,56.26201,56.797,3459740
2021-12-29T05:00:00Z,56.696,56.9855,55.124,55.609,2771070
2021-12-30T05:00:00Z,55.588,57.545,55.588,56.234,3164190
2021-12-31T05:00:00Z,56.69,57.5,54.3325,54.449,3363340
2022-01-03T05:00:00Z,55.061,56.133,54.3,55.826,3468500
2022-01-04T05:00:00Z,56.015,57.626,53.502,55.107,3947270
2022-01-05T05:00:00Z,54.176,55.251,50.749,50.91,5470290
2022-01-06T05:00:00Z,50.0,50.85,47.7815,49.862,4845090
2022-01-07T05:00:00Z,49.09,50.0,47.121,48.295,4258300
2022-01-10T05:00:00Z,46.369,48.226,44.825,48.195,5599250
2022-01-11T05:00:00Z,48.23,51.308,47.417,50.656,4741700
2022-01-12T05:00:00Z,52.4,52.99799,51.072,51.464,3622560
2022-01-13T05:00:00Z,52.185,52.76899,48.7512,48.959,3250880
2022-01-14T05:00:00Z,48.417,50.26199,48.18351,49.956,2645240
2022-01-18T05:00:00Z,48.48,48.956,46.6615,46.828,4091830
2022-01-19T05:00:00Z,48.279,49.199,45.8463,46.042,4224250
2022-01-20T05:00:00Z,46.709,49.087,45.55,45.753,4392580
2022-01-21T05:00:00Z,42.284,43.4075,36.5985,37.589,15706930
2022-01-24T05:00:00Z,32.0,37.3,31.9005,37.045,15060920
2022-01-25T05:00:00Z,36.999,37.94,35.5,36.505,8319400
2022-01-26T05:00:00Z,39.36603,39.36603,34.595,35.365,7891780
2022-01-27T05:00:00Z,36.0,36.0,31.758999999,31.945,8737400
2022-01-28T05:00:00Z,32.869,34.21,30.719,33.895,8143280
2022-01-31T05:00:00Z,33.788,37.0795,33.29501,36.801,7629500
2022-02-01T05:00:00Z,38.286,39.095,36.26885,37.3,6405930
2022-02-02T05:00:00Z,36.674,36.869,33.60358,34.884,7402090
2022-02-03T05:00:00Z,34.0,35.6845,33.195999999,34.008999999,5535980
2022-02-04T05:00:00Z,34.076,39.858,33.974,39.164,9440010
2022-02-07T05:00:00Z,40.45118,43.33297,40.4,41.347,10873800
2022-02-08T05:00:00Z,40.875,42.673,40.3475,42.543,4889110
2022-02-09T05:00:00Z,43.0,44.66,42.22,44.66,3988570
2022-02-10T05:00:00Z,43.95,46.304,42.4535,43.148,6236070
2022-02-11T05:00:00Z,43.011,44.365,40.55,41.101,4971700
2022-02-14T05:00:00Z,41.47,42.94899,40.5,40.949,3424340
2022-02-15T05:00:00Z,43.101,43.8276,42.4495,43.724,3144770
2022-02-16T05:00:00Z,42.852,43.751,41.603,43.498,3304470
2022-02-17T05:00:00Z,42.023,42.33,40.188,40.46,3753480
2022-02-18T05:00:00Z,40.459,40.746,38.522,39.597,4694200
2022-02-22T05:00:00Z,37.58142,39.0,36.804,37.77,4672350
2022-02-23T05:00:00Z,39.05,39.32,36.3,36.503,3655790
2022-02-24T05:00:00Z,34.024,39.94,33.683999999,39.696,7312570
2022-02-25T05:00:00Z,40.3,41.2,39.258,40.5,4069940
2022-02-28T05:00:00Z,40.157,44.71245,40.157,44.3,5982230
2022-03-01T05:00:00Z,46.512,47.3048,44.969,46.473,6571430
2022-03-02T05:00:00Z,45.482,46.969,45.09251,45.929,4028040
2022-03-03T05:00:00Z,45.51,46.01497,42.612,42.87,3184330
2022-03-04T05:00:00Z,42.5,43.362,40.706,41.036,3410610
2022-03-07T05:00:00Z,41.51,42.5,38.843,38.891,4721650
2022-03-08T05:00:00Z,39.498,42.5,39.361,41.036,4431910
2022-03-09T05:00:00Z,44.2,45.445,43.42365,43.675,4581380
2022-03-10T05:00:00Z,41.5,42.29799,40.64688,42.113,2919890
2022-03-11T05:00:00Z,42.7,42.918,39.04868,39.082,3538770
2022-03-14T04:00:00Z,38.995,39.288,36.391,36.993,4931900
2022-03-15T04:00:00Z,36.907,39.615,36.32001,39.614,3780140
2022-03-16T04:00:00Z,40.017,42.949,39.8745,42.878,5693880
2022-03-17T04:00:00Z,42.798,44.21,42.5,43.409,3397870
2022-03-18T04:00:00Z,43.582,45.69,43.192,45.428,7103760
2022-03-21T04:00:00Z,45.107,45.45,43.02944,43.648,3502360
2022-03-22T04:00:00Z,45.016,46.77,44.883,45.995,4343940
2022-03-23T04:00:00Z,45.516,47.0305,44.7,45.069,2536490
2022-03-24T04:00:00Z,45.966,48.4735,45.1,48.392,4389960
2022-03-25T04:00:00Z,49.37,49.39337,46.0935,47.242,4126750
2022-03-28T04:00:00Z,49.604,51.233,48.8,51.0,4265230
2022-03-29T04:00:00Z,51.0,52.28028,49.53689,52.0,3638740
2022-03-30T04:00:00Z,50.62,51.6,49.70401,50.069,2783950
2022-03-31T04:00:00Z,50.493,50.65509,48.561,48.632,3329570
2022-04-01T04:00:00Z,48.956,49.8,47.88,49.098,2707780
2022-04-04T04:00:00Z,49.172,50.33,48.855,50.126,2668070
2022-04-05T04:00:00Z,50.857,50.857,47.122,48.728,4540430
2022-04-06T04:00:00Z,47.292,47.685,44.7595,45.511,4306780
2022-04-07T04:00:00Z,45.55,46.77,44.6,46.361,3426710
2022-04-08T04:00:00Z,45.908,47.06,45.281,45.324,2748540
2022-04-11T04:00:00Z,44.122,44.7505,42.503,43.639,3566830
2022-04-12T04:00:00Z,44.8,47.607,43.749,44.345,4922670
2022-04-13T04:00:00Z,44.125,46.659,44.125,46.358,2613130
2022-04-14T04:00:00Z,46.402,46.975,44.64301,44.919,2567010
2022-04-18T04:00:00Z,44.78,45.216,43.131,44.589,2522580
2022-04-19T04:00:00Z,45.0,47.117,44.3,47.114,2847760
2022-04-20T04:00:00Z,47.66,47.728,44.645,44.903,2820800
2022-04-21T04:00:00Z,46.102,47.187,42.5805,42.786,4163030
2022-04-22T04:00:00Z,42.492,43.698,40.8,40.908,3542700
2022-04-25T04:00:00Z,40.508,42.8,40.398,42.8,3293110
2022-04-26T04:00:00Z,42.6,42.7435,39.03401,39.101,3749040
2022-04-27T04:00:00Z,39.32,40.596,38.365,38.578,3072710
2022-04-28T04:00:00Z,39.3,40.406,36.965,40.049,4053300
2022-04-29T04:00:00Z,39.3,41.0,35.3,35.417,5479780
2022-05-02T04:00:00Z,35.601,36.95299,34.371,36.591,5160050
2022-05-03T04:00:00Z,36.4,36.894,34.008999999,34.339999999,4751970
2022-05-04T04:00:00Z,35.001,36.862,32.525,36.644,8104430
2022-05-05T04:00:00Z,35.662,35.7335,30.56,31.452,8594210
2022-05-06T04:00:00Z,30.906,31.0,28.2545,29.424,12083840
2022-05-09T04:00:00Z,27.125,27.125,21.412,21.905,19280310
2022-05-10T04:00:00Z,23.959,24.952,20.837,22.552,17050600
2022-05-11T04:00:00Z,20.0,21.776,16.5,16.819999999,36187640
2022-05-12T04:00:00Z,15.319,20.52622,13.409,17.118,46929100
2022-05-13T04:00:00Z,20.206,22.0,19.3295,20.457,25233570
2022-05-16T04:00:00Z,20.0,20.8405,19.301,20.151,10088960
2022-05-17T04:00:00Z,21.0,22.596,20.504,22.487,10170550
2022-05-18T04:00:00Z,21.688,22.38809,19.554,19.744,9952570
2022-05-19T04:00:00Z,20.479,22.032,19.8049,21.077,8014850
2022-05-20T04:00:00Z,21.452,21.94899,18.9,20.275,9193010
2022-05-23T04:00:00Z,21.164,21.5,19.83,20.437,8984500
2022-05-24T04:00:00Z,20.06,20.133,18.44,19.301,8066760
2022-05-25T04:00:00Z,19.073,20.343,19.029,19.812,5390640
2022-05-26T04:00:00Z,18.022,22.071,17.61,21.61,9678470
2022-05-27T04:00:00Z,22.028,23.387,21.28,21.939,9705870
2022-05-31T04:00:00Z,23.517,27.288,22.852,26.469,15526960
2022-06-01T04:00:00Z,26.135,26.7,23.3,23.814,8710420
2022-06-02T04:00:00Z,23.282,25.08,23.18177,24.446,5960210
2022-06-03T04:00:00Z,23.938,23.938,22.355,22.722,4992260
2022-06-06T04:00:00Z,24.395,24.877,23.236,23.544,5853770
2022-06-07T04:00:00Z,22.17,24.24916,21.8081,24.0,6666690
2022-06-08T04:00:00Z,23.688,24.699,23.21943,23.289,3107770
2022-06-09T04:00:00Z,23.133,23.35259,21.63607,21.776,5242830
2022-06-10T04:00:00Z,21.189,21.386,19.78,20.336,7849910
2022-06-13T04:00:00Z,14.931,16.797999999,14.39,15.215,36774720
2022-06-14T04:00:00Z,14.901,16.868,14.53,15.687,18926260
2022-06-15T04:00:00Z,16.025,17.688,15.61,17.134,18770150
2022-06-16T04:00:00Z,16.087,16.70346,15.446,16.134,11403370
2022-06-17T04:00:00Z,15.803,16.856,15.751,16.76,12301670
2022-06-21T04:00:00Z,17.094,19.48223,16.997999999,17.896,11347020
2022-06-22T04:00:00Z,17.725,18.7,16.828,17.091,7515250
2022-06-23T04:00:00Z,17.7,18.903,16.893,18.831,6690750
2022-06-24T04:00:00Z,19.5,20.799,19.4,20.544,9964550
2022-06-27T04:00:00Z,20.251,20.6125,18.499,19.673,7685420
2022-06-28T04:00:00Z,19.764,20.37,18.471,18.612,6345710
2022-06-29T04:00:00Z,18.03,18.423,17.251,17.969,7620990
2022-06-30T04:00:00Z,17.28,17.542,16.272999999,16.43,7791870
2022-07-01T04:00:00Z,16.797,17.217,16.138999999,16.677,7855090
2022-07-05T04:00:00Z,16.584,18.8385,16.002,18.768,8114260
2022-07-06T04:00:00Z,18.576,19.3585,18.317,18.83,6359740
2022-07-07T04:00:00Z,19.07,22.052,18.98203,21.951,11958440
2022-07-08T04:00:00Z,21.312,23.62805,20.668,22.128,11522790
2022-07-11T04:00:00Z,21.035,21.33,19.8,20.09,6977620
2022-07-12T04:00:00Z,19.652,20.335,18.815,19.252,5886170
2022-07-13T04:00:00Z,18.675,20.327,18.2445,19.555,5641000
2022-07-14T04:00:00Z,19.329,20.54794,18.688,20.459,7227930
2022-07-15T04:00:00Z,20.9,21.419,20.229,21.398,4886800
2022-07-18T04:00:00Z,23.012,24.6565,22.425,22.563,10675760
2022-07-19T04:00:00Z,23.943,26.88,23.033,26.717,11809760
2022-07-20T04:00:00Z,27.85,29.95,27.151,28.877,16178810
2022-07-21T04:00:00Z,27.904,29.05,27.138,28.970999999,8099800
2022-07-22T04:00:00Z,29.406,29.80431,27.392,28.192,6542910
2022-07-25T04:00:00Z,26.702,27.56,26.201,26.586,4825630
2022-07-26T04:00:00Z,24.883,25.598,23.568,23.764,6626280
2022-07-27T04:00:00Z,24.728,26.814999999,24.125,26.239999999,7089020
2022-07-28T04:00:00Z,26.0,27.682,25.556,27.572,5934160
2022-07-29T04:00:00Z,27.0,28.797,26.757,28.606,6156810
2022-08-01T04:00:00Z,27.652999999,28.75,27.145999999,27.574,5202630
2022-08-02T04:00:00Z,28.089,29.524,27.574,27.826,6061000
2022-08-03T04:00:00Z,28.376,32.455,28.34115,31.368,12502380
2022-08-04T04:00:00Z,31.989,33.223,30.452999999,30.931,8922350
2022-08-05T04:00:00Z,30.874,33.097,30.544,31.914999999,6913550
2022-08-08T04:00:00Z,33.564999999,35.194,32.7445,33.001,6206550
2022-08-09T04:00:00Z,32.0,32.6531,31.425,31.938,3267930
2022-08-10T04:00:00Z,34.7,34.7,32.75,33.58,5381410
2022-08-11T04:00:00Z,35.5,36.197,33.006,33.699,6053900
2022-08-12T04:00:00Z,33.699,35.33,33.1,35.284,4254500
2022-08-15T04:00:00Z,34.646,35.83218,34.50001,34.908,3049850
2022-08-16T04:00:00Z,34.448,35.02699,33.026,34.264,3379400
2022-08-17T04:00:00Z,33.5,33.8,32.014,32.52,3292260
2022-08-18T04:00:00Z,32.102999999,32.8,31.843,32.438,2445760
2022-08-19T04:00:00Z,29.942,30.395,28.176,28.3,7574650
2022-08-22T04:00:00Z,27.301,27.9685,26.608,26.808999999,4506640
2022-08-23T04:00:00Z,27.189999999,28.327,25.88329,26.58,5319190
2022-08-24T04:00:00Z,26.57,27.670999999,26.398,27.441,2485080
2022-08-25T04:00:00Z,27.786,28.04599,26.7185,27.281,2764130
2022-08-26T04:00:00Z,27.5,27.5,24.8,24.92,6048990
2022-08-29T04:00:00Z,24.137,25.4198,24.111,24.496,4927790
2022-08-30T04:00:00Z,25.004,25.3,23.501,24.023,4948570
2022-08-31T04:00:00Z,24.827,25.15,22.271,23.156,9373990
2022-09-01T04:00:00Z,22.001,22.855,21.329,22.092,5680610
2022-09-02T04:00:00Z,22.61,22.775,21.565,21.806,4238420
2022-09-06T04:00:00Z,21.853,22.0,20.29,20.425,8006570
2022-09-07T04:00:00Z,20.399,22.188,20.378,21.861,5632010
2022-09-08T04:00:00Z,21.447,23.47,21.173,23.45,5286330
2022-09-09T04:00:00Z,24.941,26.220999999,24.514,26.197,9160690
2022-09-12T04:00:00Z,26.320999999,26.799,25.012,26.298,8997670
2022-09-13T04:00:00Z,24.185,24.6345,22.952,23.125,8110920
2022-09-14T04:00:00Z,23.01,23.125,22.135,22.599,5403340
2022-09-15T04:00:00Z,22.29,23.67,21.605,21.694,8431640
2022-09-16T04:00:00Z,21.152,21.505,20.322,20.634,9950880
2022-09-19T04:00:00Z,19.9265,20.709,19.632,20.62,8183900
2022-09-20T04:00:00Z,20.0,20.15,19.342,19.66,7614990
2022-09-21T04:00:00Z,19.831,20.833,19.404,19.592,6620970
2022-09-22T04:00:00Z,19.689,19.84299,18.623,19.232,7609670
2022-09-23T04:00:00Z,18.87,19.192,18.349,19.145,5995340
2022-09-26T04:00:00Z,19.182,20.55,19.15,20.018,5853850
2022-09-27T04:00:00Z,21.284,21.922,20.1,20.607,6753890
2022-09-28T04:00:00Z,20.76,22.186,20.75,22.047,4655660
2022-09-29T04:00:00Z,21.425,21.631,20.555,21.182,3966690
2022-09-30T04:00:00Z,20.851,22.604,20.711,21.226,4007630
2022-10-03T04:00:00Z,21.39,22.842,21.214,22.452,4334900
2022-10-04T04:00:00Z,23.584,24.912,23.5,24.874,6507140
2022-10-05T04:00:00Z,24.094,24.575,23.244,24.219,5250630
2022-10-06T04:00:00Z,24.219,24.91662,23.62501,24.167,2701920
2022-10-07T04:00:00Z,23.4,23.6,21.766,22.03,3725930
2022-10-10T04:00:00Z,21.962,23.186,21.526,22.065,3709440
2022-10-11T04:00:00Z,22.121,22.72639,21.2205,21.637,3473030
2022-10-12T04:00:00Z,21.818,21.887,20.551,21.838,2681690
2022-10-13T04:00:00Z,20.148,22.3,19.8125,22.054,5923480
2022-10-14T04:00:00Z,22.334,22.879,20.743,20.931,3895220
2022-10-17T04:00:00Z,22.0,22.627,21.881,22.113,3344100
2022-10-18T04:00:00Z,23.02,23.531,21.964,23.5,6103150
2022-10-19T04:00:00Z,22.808,23.449,22.3959,22.608,2713050
2022-10-20T04:00:00Z,22.823,23.489,21.922,22.101,2675500
2022-10-21T04:00:00Z,21.855,23.443,21.649,23.262,3625540
2022-10-24T04:00:00Z,23.3,24.49399,22.636,23.76,3514400
2022-10-25T04:00:00Z,24.0,27.0,24.0,26.869,6402420
2022-10-26T04:00:00Z,26.955,29.0,26.688,27.272,6663070
2022-10-27T04:00:00Z,27.673,27.9,26.500009999,27.056,2472870
2022-10-28T04:00:00Z,26.919,28.093,26.461,27.999,4324970
2022-10-31T04:00:00Z,27.889999999,28.38799,26.045,26.751,3519890
2022-11-01T04:00:00Z,27.595,27.84477,25.719,25.72,3113150
2022-11-02T04:00:00Z,25.889,27.879,24.551,24.823,6426660
2022-11-03T04:00:00Z,24.201,26.139999999,24.136,24.844,2618190
2022-11-04T04:00:00Z,26.112,27.735,25.06333,27.71,6713380
2022-11-07T05:00:00Z,27.141,27.38,26.0,26.664,3760250
2022-11-08T05:00:00Z,24.8,26.664,19.351,21.184,31238360
2022-11-09T05:00:00Z,19.5,20.906,16.85,17.036,27418980
2022-11-10T05:00:00Z,18.9,19.83799,17.2925,17.5,19091970
2022-11-11T05:00:00Z,16.252,17.81009,15.53,17.518,16441340
2022-11-14T05:00:00Z,17.131,17.91,16.435,16.59,7970120
2022-11-15T05:00:00Z,17.4,17.747,16.513,17.153,7028020
2022-11-16T05:00:00Z,16.353,17.047999999,16.0,16.944,6818890
2022-11-17T05:00:00Z,16.565,17.54997,16.21301,17.388,5065630
2022-11-18T05:00:00Z,17.7,17.71475,16.213,17.012,8229710
2022-11-21T05:00:00Z,16.5,17.06542,15.234039999,15.722,9076520
2022-11-22T05:00:00Z,16.0,16.8,15.556,16.708,5856080
2022-11-23T05:00:00Z,16.844999999,17.672,16.621,17.639,4802050
2022-11-25T05:00:00Z,17.203,18.3,17.202,18.3,2634160
2022-11-28T05:00:00Z,17.872,18.143,16.916,17.667,6600890
2022-11-29T05:00:00Z,18.02,18.251,17.56389,18.2,5439660
2022-11-30T05:00:00Z,18.92,19.832,18.1,19.809,6612090
2022-12-01T05:00:00Z,19.719,20.6531,19.6,19.898,4235790
2022-12-02T05:00:00Z,19.568,21.149,19.5342,20.694,5933160
2022-12-05T05:00:00Z,20.85,21.073,18.725,19.567,7714380
2022-12-06T05:00:00Z,19.46,19.784,18.739,19.552,3850100
2022-12-07T05:00:00Z,19.261,19.897,19.028,19.349,2965340
2022-12-08T05:00:00Z,19.45,20.32705,19.023,20.257,3168970
2022-12-09T05:00:00Z,20.101,20.348,19.6421,20.325,4064450
2022-12-12T05:00:00Z,19.9,20.0485,19.47901,19.616,4076850
2022-12-13T05:00:00Z,20.645,21.184,19.552,20.181,4386090
2022-12-14T05:00:00Z,20.3,21.37799,20.191,20.273,5290560
2022-12-15T05:00:00Z,19.75,19.901,18.6,18.8,4411060
2022-12-16T05:00:00Z,18.376,18.564,17.233,17.375,7227350
2022-12-19T05:00:00Z,17.231,17.884,16.838,17.021,3684250
2022-12-20T05:00:00Z,17.037,17.543,16.7995,16.885,3059410
2022-12-21T05:00:00Z,16.901,17.2065,16.663999999,16.882,2184210
2022-12-22T05:00:00Z,16.83,16.83,16.091999999,16.622999999,4333190
2022-12-23T05:00:00Z,16.554,16.759,16.054,16.266999999,2859220
2022-12-27T05:00:00Z,16.0,16.007,14.568,14.774,7128000
2022-12-28T05:00:00Z,14.7,15.109,13.7905,13.809,6919960
2022-12-29T05:00:00Z,13.89,14.3,13.377,13.663,7156660
2022-12-30T05:00:00Z,13.382,14.209,13.256,14.157,7033920
2023-01-03T05:00:00Z,14.566999999,14.652,13.938,14.502,6283090
2023-01-04T05:00:00Z,14.68,16.5695,14.59,16.506,10103000
2023-01-05T05:00:00Z,16.054,16.054,14.977,15.656,4091780
2023-01-06T05:00:00Z,15.261,16.188999999,14.71,16.044999999,4929030
2023-01-09T05:00:00Z,17.0,18.187,16.54,17.501,7146340
2023-01-10T05:00:00Z,17.435,19.097,16.9995,19.0,6523910
2023-01-11T05:00:00Z,18.9,19.645,18.411,19.476,6658680
2023-01-12T05:00:00Z,20.365,21.343,18.931,21.017,9960060
2023-01-13T05:00:00Z,20.6,22.217,20.2695,21.697,8456590
2023-01-17T05:00:00Z,23.2,23.967,22.275,23.592,10863050
2023-01-18T05:00:00Z,23.7,24.203,20.962,22.119,11377710
2023-01-19T05:00:00Z,21.677,22.78699,21.449,22.145,4942090
2023-01-20T05:00:00Z,22.419,24.187,21.903,24.003,7299350
2023-01-23T05:00:00Z,24.095,25.05,23.5765,25.0215,7275510
2023-01-24T05:00:00Z,24.7,25.102,24.185,24.75,3157090
2023-01-25T05:00:00Z,24.04,24.7523,23.215,24.584,3746450
2023-01-26T05:00:00Z,25.303,25.499,23.699,24.532,4122960
2023-01-27T05:00:00Z,24.0,26.21,24.0,25.836,6292430
2023-01-30T05:00:00Z,25.235,25.885,23.942,24.569,5340370
2023-01-31T05:00:00Z,24.9,25.776,24.8,25.173,3787770
2023-02-01T05:00:00Z,25.1,27.36,24.425,26.792,6554390
2023-02-02T05:00:00Z,27.5,30.28999,27.486,29.213,10414570
2023-02-03T05:00:00Z,27.911,30.339999999,27.83829,28.476,6303410
2023-02-06T05:00:00Z,27.431,28.62299,27.11621,28.205,4206170
2023-02-07T05:00:00Z,27.975,28.733,27.03801,28.387,5013380
2023-02-08T05:00:00Z,28.243,29.04085,27.166,27.595999999,3155670
2023-02-09T05:00:00Z,27.601,27.761,24.558,24.904,7268130
2023-02-10T05:00:00Z,24.6,25.259,24.101,24.337,4362360
2023-02-13T05:00:00Z,23.903,25.065,23.65415,24.925,2894020
2023-02-14T05:00:00Z,25.102,27.677999999,24.40005,27.114,6728240
2023-02-15T05:00:00Z,27.558,29.973,27.20901,29.839999999,7142870
2023-02-16T05:00:00Z,29.6,31.5,28.283999999,28.402999999,9707410
2023-02-17T05:00:00Z,28.329,29.741,27.385,29.405,5529080
2023-02-21T05:00:00Z,28.624,29.074,26.754,26.992,5714610
2023-02-22T05:00:00Z,26.638,27.348,26.244,26.858,4214390
2023-02-23T05:00:00Z,27.095,27.558999999,26.158999999,26.575,3014980
2023-02-24T05:00:00Z,26.142,26.205,24.887,25.58,5035390
2023-02-27T05:00:00Z,26.358999999,26.970999999,25.58279,25.864999999,3494180
2023-02-28T05:00:00Z,25.979,26.975,25.604,26.227,4006030
2023-03-01T05:00:00Z,26.388,26.854899999,25.334,25.791,3452190
2023-03-02T05:00:00Z,24.899,25.38699,24.167,25.289,4928470
2023-03-03T05:00:00Z,24.02,25.2335,23.685,24.691,7603800
2023-03-06T05:00:00Z,24.935,25.204,23.705,23.745,4770120
2023-03-07T05:00:00Z,23.6,24.1,23.093,23.144,4935570
2023-03-08T05:00:00Z,23.04,23.494,22.7,23.272,4701420
2023-03-09T05:00:00Z,23.035,23.143,21.011,21.082,8241850
2023-03-10T05:00:00Z,20.575,20.758,18.83,19.201,13303190
2023-03-13T04:00:00Z,20.202,22.962,19.635,22.316,15329550
2023-03-14T04:00:00Z,23.908,24.441,22.209,22.947,11303530
2023-03-15T04:00:00Z,22.7,23.498,21.653,22.755,6895420
2023-03-16T04:00:00Z,22.518,24.51077,22.327,24.108,7700610
2023-03-17T04:00:00Z,25.553,27.4,24.901,26.766,20223820
2023-03-20T04:00:00Z,28.043,28.173,25.837,26.395999999,12524220
2023-03-21T04:00:00Z,26.899,27.892989999,26.06501,27.338,8810990
2023-03-22T04:00:00Z,27.6,27.80914,24.601,24.686,11129510
2023-03-23T04:00:00Z,24.901,27.1,24.804,26.333,11249500
2023-03-24T04:00:00Z,25.914,26.34799,24.731,25.667,6569940
2023-03-27T04:00:00Z,25.986,26.02103,23.072,23.896,11330900
2023-03-28T04:00:00Z,23.677,24.8535,23.25,24.826,6721260
2023-03-29T04:00:00Z,25.78,28.542,25.545,28.402999999,10108520
2023-03-30T04:00:00Z,28.789999999,28.85,27.457,27.923,7080720
2023-03-31T04:00:00Z,28.345999999,29.53995,28.0,29.232,10379820
2023-04-03T04:00:00Z,29.099,30.09999,28.816,29.739,7653750
2023-04-04T04:00:00Z,29.958,30.136,28.57429,29.898,6234570
2023-04-05T04:00:00Z,30.345,30.7,28.351,29.083999999,8123880
2023-04-06T04:00:00Z,28.651,29.548,27.837,29.01,4261230
2023-04-10T04:00:00Z,29.0,31.294,28.5,31.277999999,10025750
2023-04-11T04:00:00Z,32.191,33.782,31.8095,33.235,14267460
2023-04-12T04:00:00Z,33.425,33.5745,31.83401,32.283,8812480
2023-04-13T04:00:00Z,33.042,34.5,32.7,34.072,11131720
2023-04-14T04:00:00Z,34.285,34.763,32.461,33.375,8720870
2023-04-17T04:00:00Z,32.173,32.247,31.22,31.302999999,7702240
2023-04-18T04:00:00Z,32.5,33.4,32.4,32.985,10000520
2023-04-19T04:00:00Z,31.988,32.19909,31.289999999,31.472,6234660
2023-04-20T04:00:00Z,31.027,31.289999999,29.227,29.470999999,8256390
2023-04-21T04:00:00Z,29.733999999,30.05,28.774,29.102,6576180
2023-04-24T04:00:00Z,29.102999999,29.79532,28.3,28.533,5676380
2023-04-25T04:00:00Z,28.236,29.689,28.014999999,29.091,5699510
2023-04-26T04:00:00Z,31.05,32.164,29.63,29.945999999,10820420
2023-04-27T04:00:00Z,30.651,31.888,29.60101,31.864,10165150
2023-04-28T04:00:00Z,31.304,32.898,30.808999999,32.838,7607300
2023-05-01T04:00:00Z,32.0,32.33591,30.42361,30.747,9055130
2023-05-02T04:00:00Z,31.014,33.292649999,30.513,32.801,13733020
2023-05-03T04:00:00Z,32.049,32.189,30.168,30.425,11930080
2023-05-04T04:00:00Z,31.114999999,32.119,30.75,31.2235,7150600
2023-05-05T04:00:00Z,31.3,32.87199,31.2,32.672,9082140
2023-05-08T04:00:00Z,31.114999999,31.1745,29.4,29.467,10429910
2023-05-09T04:00:00Z,29.751,31.0,28.963,30.343,7220480
2023-05-10T04:00:00Z,31.324,32.564999999,30.5,31.511,12951620
2023-05-11T04:00:00Z,31.135,31.135,28.476,28.737,15422380
2023-05-12T04:00:00Z,28.489999999,28.658999999,26.651,27.1,10850520
2023-05-15T04:00:00Z,28.0,28.688,27.6,28.25,6507190
2023-05-16T04:00:00Z,27.75,28.29999,27.23713,27.344,4653910
2023-05-17T04:00:00Z,27.149,29.105,26.926029999,29.057,6113140
2023-05-18T04:00:00Z,28.9,29.720999999,28.001119999,28.758,6696310
2023-05-19T04:00:00Z,29.089999999,29.195999999,28.2575,28.827999999,3731810
2023-05-22T04:00:00Z,28.777999999,29.706,28.602,29.412,5910290
2023-05-23T04:00:00Z,29.919,30.12,28.826,28.933,6432840
2023-05-24T04:00:00Z,28.2,28.69479,27.663,28.443,8064370
2023-05-25T04:00:00Z,28.791,28.883999999,27.285,28.099,8783670
2023-05-26T04:00:00Z,27.98,29.489,27.92,28.51,6549840
2023-05-30T04:00:00Z,30.01,31.364,29.675,29.927,9466350
2023-05-31T04:00:00Z,29.401,30.277,28.9,30.163,6233890
2023-06-01T04:00:00Z,29.85,30.7725,29.56418,29.994,5488980
2023-06-02T04:00:00Z,30.527,30.6,29.064,30.213,7264640
2023-06-05T04:00:00Z,29.447,29.695999999,27.12,27.636,14040080
2023-06-06T04:00:00Z,27.0,30.4565,26.655,29.882,18779480
2023-06-07T04:00:00Z,29.882,30.227,28.8,29.081,6755490
2023-06-08T04:00:00Z,28.969,29.7244,28.357,29.093,4855700
2023-06-09T04:00:00Z,29.35,29.576,28.0505,28.233,5678550
2023-06-12T04:00:00Z,27.9125,28.166,27.5,27.77,3715460
2023-06-13T04:00:00Z,28.43,28.488,27.495,28.382,4436330
2023-06-14T04:00:00Z,28.411,28.614999999,27.673,28.288,3997060
2023-06-15T04:00:00Z,27.414999999,28.138,26.6,27.792,7857330
2023-06-16T04:00:00Z,28.499,29.8,28.095999999,29.339,14232820
2023-06-20T04:00:00Z,30.0,31.518,28.969,31.339999999,18939290
2023-06-21T04:00:00Z,32.4,33.8,32.031,33.131,19270040
2023-06-22T04:00:00Z,33.249,33.745,31.313,32.723,11363630
2023-06-23T04:00:00Z,32.7,33.7,31.73,32.911,15618860
2023-06-26T04:00:00Z,32.4,32.86,30.108499999,30.574,11272830
2023-06-27T04:00:00Z,31.23,32.799,31.1527,32.488,8773320
2023-06-28T04:00:00Z,31.991,33.28099,31.845,32.561,6590810
2023-06-29T04:00:00Z,33.564,34.07867,32.85,34.0255,8574150
2023-06-30T04:00:00Z,34.997,35.275,32.226,34.242,15255080
2023-07-03T04:00:00Z,34.7,37.827,34.599,37.784,11065030
2023-07-05T04:00:00Z,36.701,38.29899,35.90958,37.811,11868040
2023-07-06T04:00:00Z,38.059,38.501,36.2,37.655,8927160
2023-07-07T04:00:00Z,37.359,39.2,37.359,38.074,9417660
2023-07-10T04:00:00Z,38.117,40.801,37.00466,40.771,9976080
2023-07-11T04:00:00Z,40.1,41.5,39.692,41.23,12049000
2023-07-12T04:00:00Z,41.8,42.098,40.524,41.349,9236360
2023-07-13T04:00:00Z,41.8,46.699,41.278,46.183,20782770
2023-07-14T04:00:00Z,45.546,47.50916,44.718,45.886,17243520
2023-07-17T04:00:00Z,45.7195,46.7,44.435,44.988,8633140
2023-07-18T04:00:00Z,44.948,45.4,43.5,44.5795,7836350
2023-07-19T04:00:00Z,45.177,46.16,44.67628,45.31,5501830
2023-07-20T04:00:00Z,45.521,46.131,43.52,44.083,6317190
2023-07-21T04:00:00Z,44.191,44.5875,42.655,43.665,5634130
2023-07-24T04:00:00Z,42.764,43.18699,41.293,43.0935,6554870
2023-07-25T04:00:00Z,43.094,44.2415,43.021,43.682,4478510
2023-07-26T04:00:00Z,43.682,44.793,43.628,44.346,5300490
2023-07-27T04:00:00Z,45.1,45.246,42.417,42.615,5655130
2023-07-28T04:00:00Z,43.4,43.874,42.484,43.461,4642400
2023-07-31T04:00:00Z,44.0,44.284,43.22,43.788,4869690
2023-08-01T04:00:00Z,43.0,43.8,42.088,43.498,6685650
2023-08-02T04:00:00Z,43.498,43.7,40.118,40.733,10559400
2023-08-03T04:00:00Z,40.001,40.23699,38.76245,38.991,6531920
2023-08-04T04:00:00Z,39.001,39.576,37.445,37.697,5511530
2023-08-07T04:00:00Z,37.103,37.356,35.77,37.082,6962510
2023-08-08T04:00:00Z,38.0,39.59999,37.472,38.948,7719070
2023-08-09T04:00:00Z,39.597,39.65,37.6,37.784,5120890
2023-08-10T04:00:00Z,38.032,39.006,37.20056,37.801,4113720
2023-08-11T04:00:00Z,37.801,38.8,37.21,38.431,3342830
2023-08-14T04:00:00Z,38.157,39.26,37.52764,38.883,3824110
2023-08-15T04:00:00Z,38.904,39.269,37.583,37.615,4184080
2023-08-16T04:00:00Z,37.346,37.728,36.626,36.967,3136210
2023-08-17T04:00:00Z,36.16,36.55899,34.537,34.679,8060740
2023-08-18T04:00:00Z,33.149,33.858,32.229,32.862,11012230
2023-08-21T04:00:00Z,33.029,33.69839,32.50201,33.525,4172150
2023-08-22T04:00:00Z,34.148,34.52345,32.8,32.951,3826540
2023-08-23T04:00:00Z,33.0,35.05247,32.75,34.64,5205820
2023-08-24T04:00:00Z,34.892,34.95,33.245,33.656,5077330
2023-08-25T04:00:00Z,33.968,34.49999,32.9031,33.605,3665040
2023-08-28T04:00:00Z,33.936,35.038,33.8545,34.437,3532920
2023-08-29T04:00:00Z,34.223,38.79928,34.193,38.152,15281690
2023-08-30T04:00:00Z,37.51,37.732,36.76,37.168,6051030
2023-08-31T04:00:00Z,37.51,37.56658,35.424,35.753,6051440
2023-09-01T04:00:00Z,35.754,36.094,34.663,35.148,4068490
2023-09-05T04:00:00Z,35.148,35.3971,34.4575,34.925,3007750
2023-09-06T04:00:00Z,34.95,35.9,34.52608,35.07,5725360
2023-09-07T04:00:00Z,34.65,35.682,33.783999999,35.307,4927310
2023-09-08T04:00:00Z,35.242,35.628,34.7,35.628,4593970
2023-09-11T04:00:00Z,35.5,35.661,33.6,34.268,7536580
2023-09-12T04:00:00Z,35.5,36.76,34.5299,34.776,7655360
2023-09-13T04:00:00Z,34.73,35.25614,34.06,34.183999999,4786260
2023-09-14T04:00:00Z,35.0,36.199,34.604,34.64,6700320
2023-09-15T04:00:00Z,34.64,34.64,33.636,34.077999999,4987990
2023-09-18T04:00:00Z,35.125,35.63299,33.899,34.062,5781360
2023-09-19T04:00:00Z,34.411,35.0195,33.35,33.926,5578400
2023-09-20T04:00:00Z,34.35,34.434,33.304,33.347,3833920
2023-09-21T04:00:00Z,32.58,32.86617,32.159339999,32.606,3660060
2023-09-22T04:00:00Z,32.475,32.814,32.05666,32.281,2834370
2023-09-25T04:00:00Z,31.95,32.761,31.564,32.76,3850920
2023-09-26T04:00:00Z,32.4,32.9,31.717,31.73,3856730
2023-09-27T04:00:00Z,32.262,32.689999999,31.01,31.563,3875850
2023-09-28T04:00:00Z,31.98,33.75525,31.564999999,32.892,6431960
2023-09-29T04:00:00Z,33.272,33.448,32.489999999,32.827999999,3919740
2023-10-02T04:00:00Z,34.657,35.284,32.75201,32.949,8535110
2023-10-03T04:00:00Z,32.389999999,32.6,31.1,31.133,6452520
2023-10-04T04:00:00Z,31.485,32.393,30.71101,32.039999999,4937570
2023-10-05T04:00:00Z,32.379,32.8,31.51809,32.342,4105790
2023-10-06T04:00:00Z,32.0,34.17816,31.91718,34.063,4731500
2023-10-09T04:00:00Z,33.152999999,34.424,33.143,34.045,3807170
2023-10-10T04:00:00Z,34.124,34.647,33.701,34.045999999,3866720
2023-10-11T04:00:00Z,33.86,34.027,33.035,33.461,3065040
2023-10-12T04:00:00Z,33.5,33.5,32.086,32.36,4451090
2023-10-13T04:00:00Z,32.762,32.762,31.425,31.822,3971020
2023-10-16T04:00:00Z,33.8,35.3,32.105,32.58,12584180
2023-10-17T04:00:00Z,32.133999999,34.090929999,32.133999999,33.541,6150970
2023-10-18T04:00:00Z,33.589,33.8255,32.645999999,32.914,3686670
2023-10-19T04:00:00Z,33.072,34.878,32.814,34.235,5355780
2023-10-20T04:00:00Z,35.365,36.2,34.421,34.804,8763610
2023-10-23T04:00:00Z,35.535,38.39,34.609,37.749,12814720
2023-10-24T04:00:00Z,40.839,43.899,40.127,42.487,22467300
2023-10-25T04:00:00Z,43.479,44.949,42.511,43.322,12600930
2023-10-26T04:00:00Z,42.0,43.0,40.623,41.345,10068990
2023-10-27T04:00:00Z,42.0,42.146,39.8203,40.676,7335610
2023-10-30T04:00:00Z,42.3,43.465,41.0,42.022,8258380
2023-10-31T04:00:00Z,41.65,42.37699,41.00501,42.339,6153510
2023-11-01T04:00:00Z,42.962,43.0,41.236,42.667,7521800
2023-11-02T04:00:00Z,44.048,45.405,42.4,45.363,11843380
2023-11-03T04:00:00Z,44.498,46.419,44.14,45.395,9453060
2023-11-06T05:00:00Z,46.102,47.29899,45.101,45.963,7827090
2023-11-07T05:00:00Z,45.4,47.487,44.9,47.355,7247720
2023-11-08T05:00:00Z,46.908,47.86,45.849,47.45,7894020
2023-11-09T05:00:00Z,49.829,53.521,48.589,49.407,21138910
2023-11-10T05:00:00Z,50.4,51.3315,49.4535,50.918,9471700
2023-11-13T05:00:00Z,50.2,50.6895,48.677,50.488,9250560
2023-11-14T05:00:00Z,50.67,50.699,46.0,48.0,16619420
2023-11-15T05:00:00Z,48.634,50.928,48.067,50.595,14501570
2023-11-16T05:00:00Z,49.4,50.277,48.297,48.908,11463910
2023-11-17T05:00:00Z,49.265,49.591,48.339,48.622,7507970
2023-11-20T05:00:00Z,49.201,51.25199,49.201,50.853,10603370
2023-11-21T05:00:00Z,49.799,50.314,48.453,49.304,7955770
2023-11-22T05:00:00Z,49.4,50.944,48.108,50.788,7339860
2023-11-24T05:00:00Z,51.0,52.67899,50.553,52.024,9074130
2023-11-27T05:00:00Z,50.575,51.479999999,49.53,49.538,10555310
2023-11-28T05:00:00Z,50.512,51.527,49.825,50.587,8876760
2023-11-29T05:00:00Z,50.798,51.35,49.7,50.71,6569290
2023-11-30T05:00:00Z,49.8,50.499,48.73139,49.83,7405150
2023-12-01T05:00:00Z,50.353,52.979999999,50.337,52.767999999,14040620
2023-12-04T05:00:00Z,56.7,57.777,55.0,56.322,17529610
2023-12-05T05:00:00Z,56.6,58.99,56.33837,57.75,14467820
2023-12-06T05:00:00Z,58.512,58.655499999,56.6135,56.8885,9565710
2023-12-07T05:00:00Z,55.72,57.805999999,55.21,57.109,5735730
2023-12-08T05:00:00Z,57.348,59.939,57.280999999,59.939,9530730
2023-12-11T05:00:00Z,57.411,57.788,54.61789,55.579999999,13410620
2023-12-12T05:00:00Z,56.0,56.697,54.901,55.832,7119300
2023-12-13T05:00:00Z,55.759,58.6,55.229,58.6,9699550
2023-12-14T05:00:00Z,58.8,59.0,57.565,58.237,9166930
2023-12-15T05:00:00Z,57.5,57.523,56.465,57.041,9880310
2023-12-18T05:00:00Z,56.11,57.9,55.9,57.19,8503280
2023-12-19T05:00:00Z,58.35,59.041,56.451,57.129999999,8737940
2023-12-20T05:00:00Z,58.977,59.95693,57.21,57.347,13784750
2023-12-21T05:00:00Z,58.81,59.131989999,57.44,58.195,7159260
2023-12-22T05:00:00Z,58.196,62.258,57.87,61.924,12619800
2023-12-26T05:00:00Z,60.949,61.554999999,59.649,60.389,12047090
2023-12-27T05:00:00Z,61.379999999,67.382,61.201,67.071,21272510
2023-12-28T05:00:00Z,65.469,68.935,65.3515,66.788,15807680
2023-12-29T05:00:00Z,67.483,68.0,61.716999999,63.162,15818040
2024-01-02T05:00:00Z,69.249,72.777,68.00001,68.515,22074410
2024-01-03T05:00:00Z,64.322,65.854999999,62.529999999,63.105999999,18805690
2024-01-04T05:00:00Z,63.86,66.8,62.845,65.580999999,11192720
2024-01-05T05:00:00Z,64.871,65.403,63.003,63.108,9323070
2024-01-08T05:00:00Z,64.0,64.688,58.652,59.801,25142550
2024-01-09T05:00:00Z,60.0,60.278,57.12501,57.729,14346430
2024-01-10T05:00:00Z,56.667999999,58.69999,55.38411,56.566999999,16409460
2024-01-11T05:00:00Z,59.899,61.1,53.029999999,53.617999999,25703910
2024-01-12T05:00:00Z,52.502,52.589,48.1,48.553,27402780
2024-01-16T05:00:00Z,47.9,48.948,46.7,48.214,16453490
2024-01-17T05:00:00Z,47.423,49.91,47.423,49.9,9765870
2024-01-18T05:00:00Z,50.0,52.2,47.785,48.66,16604920
2024-01-19T05:00:00Z,48.45,48.72,46.5,48.1,11771730
2024-01-22T05:00:00Z,46.8,48.39599,45.539,47.019,11431450
2024-01-23T05:00:00Z,45.0,45.98171,43.874,45.019,11716070
2024-01-24T05:00:00Z,46.0,46.2,44.505,45.099,8232670
2024-01-25T05:00:00Z,45.232,46.4,44.58892,45.778,6608460
2024-01-26T05:00:00Z,47.0,50.095,46.475,49.45,14660400
2024-01-29T05:00:00Z,50.0,52.497,49.021,51.380999999,13648890
2024-01-30T05:00:00Z,51.698,52.57999,50.764,51.951,7388130
2024-01-31T05:00:00Z,50.8,52.789,49.94275,50.121,9379630
2024-02-01T05:00:00Z,50.18,51.505999999,49.59601,50.348,6280830
2024-02-02T05:00:00Z,49.725,50.9,49.10001,50.01,6098000
2024-02-05T05:00:00Z,50.2,50.348,48.2,49.06,8599300
2024-02-06T05:00:00Z,49.33,50.91923,49.312,49.8,6898740
2024-02-07T05:00:00Z,49.947,50.863,46.749,50.801,10997480
2024-02-08T05:00:00Z,53.0,58.846,52.504999999,58.780999999,22631100
2024-02-09T05:00:00Z,62.74,64.89,61.4115,64.632,24684570
2024-02-12T05:00:00Z,65.199,72.527,65.016999999,71.752,23099730
2024-02-13T05:00:00Z,67.5,70.12199,65.554999999,68.602,13914530
2024-02-14T05:00:00Z,74.6,77.484,73.4165,76.988,20704740
2024-02-15T05:00:00Z,79.244,80.678,70.75139,71.8,23827690
2024-02-16T05:00:00Z,73.5,74.0,68.938,69.956,13407110
2024-02-20T05:00:00Z,71.079,72.198,67.027,70.498,9680050
2024-02-21T05:00:00Z,68.429999999,68.538,66.425649999,67.279999999,7033060
2024-02-22T05:00:00Z,68.37,72.32499,67.999,71.315,10425120
2024-02-23T05:00:00Z,69.901,70.4285,67.805999999,68.744,7392840
2024-02-26T05:00:00Z,68.794,80.99499,68.794,79.648,22695290
2024-02-27T05:00:00Z,86.61,89.0,84.176,87.18,22747610
2024-02-28T05:00:00Z,95.2,100.888,91.55,96.295,48388190
2024-02-29T05:00:00Z,99.9,104.0,96.04436,102.284,35206030
2024-03-01T05:00:00Z,99.6,108.0,99.2,107.939,26964360
2024-03-04T05:00:00Z,120.0,135.991,119.001,133.401,54249890
2024-03-05T05:00:00Z,124.419,133.77899,103.506,105.101,57366280
2024-03-06T05:00:00Z,114.0,128.555,113.1101,124.621,36939990
2024-03-07T05:00:00Z,128.498,132.104,122.5,130.002,21677160
2024-03-08T05:00:00Z,132.804,145.173,128.36639,142.559,37417740
2024-03-11T04:00:00Z,155.0,165.706,147.735,148.423,41024230
2024-03-12T04:00:00Z,154.4,159.497,143.80022,159.335,35488650
2024-03-13T04:00:00Z,166.0,177.4,162.0,176.615,37759450
2024-03-14T04:00:00Z,170.801,174.6,155.077,167.685,49867590
2024-03-15T04:00:00Z,160.001,181.5,157.0,178.236,44749940
2024-03-18T04:00:00Z,171.845,173.49001,144.501,150.276,45111200
2024-03-19T04:00:00Z,132.607,145.0,123.011999999,141.75,44644130
2024-03-20T04:00:00Z,142.301,154.99999,136.301,154.652,33314320
2024-03-21T04:00:00Z,159.412,170.43635,158.102,159.929,31589810
2024-03-22T04:00:00Z,152.0,159.449,149.0,152.3,20836180
2024-03-25T04:00:00Z,160.5,187.365,159.442,185.6,38840270
2024-03-26T04:00:00Z,188.243,190.95,179.2,187.699,23938900
2024-03-27T04:00:00Z,195.3,199.999,184.20001,191.916,26226090
2024-03-28T04:00:00Z,194.3,198.9,164.5515,170.456,45559140
2024-04-01T04:00:00Z,164.501,169.019,158.656,163.674,19929540
2024-04-02T04:00:00Z,149.2,159.229,146.29429,157.883,18545840
2024-04-03T04:00:00Z,158.001,169.949,156.83201,160.611,19772450
2024-04-04T04:00:00Z,169.298,173.972,161.01001,161.542,20171340
2024-04-05T04:00:00Z,157.0,167.425,143.2,143.9,22739950
2024-04-08T04:00:00Z,160.21,162.378,149.12001,151.299,20573630
2024-04-09T04:00:00Z,147.81,148.01672,137.5,144.102,16716660
2024-04-10T04:00:00Z,138.75,156.6,137.377,156.6,19391880
2024-04-11T04:00:00Z,154.3,157.837,151.009,155.181,14385910
2024-04-12T04:00:00Z,153.5,153.782,143.3,147.958,12905640
2024-04-15T04:00:00Z,147.0,148.997,132.105,133.588,16125420
2024-04-16T04:00:00Z,130.602,132.85,121.51501,125.403,17292290
2024-04-17T04:00:00Z,125.8,126.422,113.199,118.805,20373970
2024-04-18T04:00:00Z,119.2,128.788,116.843,120.816,17696710
2024-04-19T04:00:00Z,123.7,125.864989999,116.6241,117.410999999,14746540
2024-04-22T04:00:00Z,120.9,134.7902,120.8,132.401,19410690
2024-04-23T04:00:00Z,131.1,139.44505,129.889,133.864,10478460
2024-04-24T04:00:00Z,132.701,134.5,126.0,126.567,9511860
2024-04-25T04:00:00Z,122.6,126.772,120.113979999,124.041,7734030
2024-04-26T04:00:00Z,122.5,128.597,120.401,128.238,8814620
2024-04-29T04:00:00Z,125.0,130.84158,122.842,129.297,10130730
2024-04-30T04:00:00Z,119.901,121.542,106.317,106.503,24936030
2024-05-01T04:00:00Z,101.553,110.9325,101.0,102.827,19248840
2024-05-02T04:00:00Z,105.5,114.23019,104.17619,112.942,15402250
2024-05-03T04:00:00Z,120.101,124.2,117.282,122.301,15609620
2024-05-06T04:00:00Z,127.384999999,133.9,126.009999999,126.881,13870320
2024-05-07T04:00:00Z,127.82,131.89999,125.13,125.745,9967680
2024-05-08T04:00:00Z,119.839,125.98977,119.0,123.311999999,8590160
2024-05-09T04:00:00Z,123.0,130.3,120.099,126.364,10533700
2024-05-10T04:00:00Z,128.999,130.199,117.853,118.048,14038440
2024-05-13T04:00:00Z,121.794,126.41512,120.3,124.596,8757250
2024-05-14T04:00:00Z,122.648,129.869,122.648,129.763,9267860
2024-05-15T04:00:00Z,137.96,152.034,135.108999999,150.347,20586430
2024-05-16T04:00:00Z,149.41,151.89,143.545,143.998,13655550
2024-05-17T04:00:00Z,150.098,158.49999,146.9,158.45,16529320
2024-05-20T04:00:00Z,159.7,172.896,155.142,172.724,16716970
2024-05-21T04:00:00Z,173.0,174.0,164.5,165.542,12977510
2024-05-22T04:00:00Z,166.3,171.8,162.015,164.7,10339300
2024-05-23T04:00:00Z,166.921,167.0,153.03257,154.407,11588110
2024-05-24T04:00:00Z,154.0,168.4995,152.8,168.484,12068560
2024-05-28T04:00:00Z,165.0,169.155,161.00201,167.535,10799360
2024-05-29T04:00:00Z,165.0,165.907,161.118,161.87,7344250
2024-05-30T04:00:00Z,165.3,171.499,153.1955,154.1,14776450
2024-05-31T04:00:00Z,159.7,161.482,144.2,152.449,22153560
2024-06-03T04:00:00Z,160.1,165.6,156.04166,162.741,11222360
2024-06-04T04:00:00Z,161.742,169.7,161.5,163.877,13229510
2024-06-05T04:00:00Z,167.5,171.784,163.62401,169.469,10955850
2024-06-06T04:00:00Z,169.859,173.46977,164.705,165.663,11622910
2024-06-07T04:00:00Z,167.102,171.77,158.5,159.62,12626880
2024-06-10T04:00:00Z,157.501,164.776,156.02903,159.992,7264600
2024-06-11T04:00:00Z,154.2,156.415,148.66,155.549,11411820
2024-06-12T04:00:00Z,162.0,169.271,159.1765,160.367,13681250
2024-06-13T04:00:00Z,156.33,157.376,144.101,148.388,21107660
2024-06-14T04:00:00Z,150.5,153.8,146.151,149.554,13790090
2024-06-17T04:00:00Z,149.98,156.901,142.11687,150.726,12076360
2024-06-18T04:00:00Z,145.793,151.095,144.6,146.943,8933680
2024-06-20T04:00:00Z,148.211,150.559,142.206,146.54,9097600
2024-06-21T04:00:00Z,142.0,149.105,140.902,148.376,11494630
2024-06-24T04:00:00Z,139.8,144.88997,132.55414,137.215,16080740
2024-06-25T04:00:00Z,141.377,149.9,139.33906,149.574,13627970
2024-06-26T04:00:00Z,147.229,150.5015,144.5,145.773,7501750
2024-06-27T04:00:00Z,148.5,153.89999,146.35,152.54,9307670
2024-06-28T04:00:00Z,151.642,151.9,136.702,137.748,34113490
2024-07-01T04:00:00Z,141.0,143.595,136.308,136.597,14129320
2024-07-02T04:00:00Z,136.551,138.4405,130.657,132.019,9229110
2024-07-03T04:00:00Z,129.8,132.8,127.34707,130.208999999,6659400
2024-07-05T04:00:00Z,121.55,129.917,120.232,128.172,15029080
2024-07-08T04:00:00Z,131.453,132.5,125.87817,129.058,8736390
2024-07-09T04:00:00Z,131.388,132.0,127.8085,130.177,8968510
2024-07-10T04:00:00Z,131.97,134.5,129.6,130.572,6387290
2024-07-11T04:00:00Z,139.6,143.2,132.923499999,135.856,13548930
2024-07-12T04:00:00Z,133.92,143.54044,132.419,139.676,10640830
2024-07-15T04:00:00Z,152.4,163.89999,149.24254,161.128,24670830
2024-07-16T04:00:00Z,161.5,167.5784,157.6395,166.43,15809620
2024-07-17T04:00:00Z,161.1,167.40799,153.0,159.0,17211670
2024-07-18T04:00:00Z,163.39,163.7,151.625,155.516,10236330
2024-07-19T04:00:00Z,157.34,178.5,156.50001,177.85,20458260
2024-07-22T04:00:00Z,178.402,181.06621,173.613,180.009,15391120
2024-07-23T04:00:00Z,176.399,179.8,171.50201,172.177,10746610
2024-07-24T04:00:00Z,175.0,176.952,166.702,167.269,13773770
2024-07-25T04:00:00Z,161.65,167.7855,150.766,160.647,14772330
2024-07-26T04:00:00Z,170.0,177.697,168.601,175.271,14137670
2024-07-29T04:00:00Z,181.999,183.7,167.12749,168.485,12801620
2024-07-30T04:00:00Z,168.799,169.49999,159.24901,160.407,9154800
2024-07-31T04:00:00Z,164.603,168.5,160.85515,161.444,7533810
2024-08-01T04:00:00Z,161.5,163.436,148.202,151.181,11930000
2024-08-02T04:00:00Z,148.581,159.14,141.71,144.799,14126190
2024-08-05T04:00:00Z,105.165,135.42699,102.402,130.9,22677550
2024-08-06T04:00:00Z,132.6,139.494,126.218,136.921,12260230
2024-08-07T04:00:00Z,140.878,142.158,124.013,124.684999999,10933850
2024-08-08T04:00:00Z,130.23,136.76,128.06,135.99,10378305
2024-08-09T04:00:00Z,135.89,136.685,129.55,135.37,7330433
2024-08-12T04:00:00Z,133.49,139.2129,129.22,131.46,6932336
2024-08-13T04:00:00Z,132.28,140.0,130.26,135.38,8123111
2024-08-14T04:00:00Z,136.37,137.4,129.33,130.37,8535928
2024-08-15T04:00:00Z,132.7,139.0,130.73,131.93,10856852
2024-08-16T04:00:00Z,133.25,136.32,126.59,133.04,11360411
2024-08-19T04:00:00Z,133.7,137.44,131.16,135.35,6595737
2024-08-20T04:00:00Z,139.735,141.36,130.63,133.69,11274578
2024-08-21T04:00:00Z,134.34,142.58,132.87,141.42,11774541
2024-08-22T04:00:00Z,141.39,141.78,133.69,133.81,7963436
2024-08-23T04:00:00Z,137.4,151.81,135.51,150.01,17791304
2024-08-26T04:00:00Z,148.12,152.35,146.6,146.9,10418753
2024-08-27T04:00:00Z,144.48,145.238,138.19,140.01,10943128
2024-08-28T04:00:00Z,138.16,138.4,130.73,132.09,8860102
2024-08-29T04:00:00Z,137.0,139.43,131.0,132.56,8431380
2024-08-30T04:00:00Z,134.0,135.2499,128.3,132.42,7802999
2024-09-03T04:00:00Z,132.0,132.73,122.19,122.32,8258810
2024-09-04T04:00:00Z,120.25,125.98,117.9401,124.85,8191094
2024-09-05T04:00:00Z,122.35,126.83,119.43,119.57,6066645
2024-09-06T04:00:00Z,122.93,124.69,113.69,114.3,8795527
2024-09-09T04:00:00Z,118.93,125.2289,117.5003,124.82,9771186
2024-09-10T04:00:00Z,123.0,129.82,121.55,129.64,7738025
2024-09-11T04:00:00Z,124.805,131.0,121.3,129.28,8731203
2024-09-12T04:00:00Z,129.0,134.1,127.2723,130.77,6052392
2024-09-13T04:00:00Z,131.1,143.0,129.84,141.47,12239123
2024-09-16T04:00:00Z,137.02,137.88,132.67,134.53,8765884
2024-09-17T04:00:00Z,138.37,140.16,128.8209,131.27,21043391
2024-09-18T04:00:00Z,130.44,139.49,128.51,132.67,16345621
2024-09-19T04:00:00Z,140.45,148.96,139.62,144.66,20177336
2024-09-20T04:00:00Z,144.39,148.03,141.64,144.78,12332317
2024-09-23T04:00:00Z,147.48,151.59,145.0149,149.97,10090260
2024-09-24T04:00:00Z,150.16,154.33,146.7074,153.88,9365235
2024-09-25T04:00:00Z,152.3,157.88,151.5,151.94,7839376
2024-09-26T04:00:00Z,157.63,167.51,156.3806,165.98,17068474
2024-09-27T04:00:00Z,170.48,179.6,168.305,176.22,17321178
2024-09-30T04:00:00Z,168.63,175.5064,167.314,168.6,13443437
2024-10-01T04:00:00Z,168.52,169.4299,157.02,162.69,14103324
2024-10-02T04:00:00Z,160.51,173.88,159.16,164.64,12557459
2024-10-03T04:00:00Z,163.39,165.86,157.82,163.41,8814224
2024-10-04T04:00:00Z,166.72,176.55,163.9651,176.51,14069711
2024-10-07T04:00:00Z,179.71,191.99,178.8,186.09,19825952
2024-10-08T04:00:00Z,186.1,198.49,184.45,192.2,20984756
2024-10-09T04:00:00Z,189.77,198.3899,185.25,188.91,13445318
2024-10-10T04:00:00Z,191.89,192.2,178.0,183.34,15937522
2024-10-11T04:00:00Z,188.5,212.81,187.41,212.59,29933775
2024-10-14T04:00:00Z,224.48,227.15,201.43,201.67,31736611
2024-10-15T04:00:00Z,206.73,211.1599,189.7,194.31,23114601
2024-10-16T04:00:00Z,199.9,200.615,191.96,194.09,12434577
2024-10-17T04:00:00Z,192.8,198.88,185.81,193.42,11414281
2024-10-18T04:00:00Z,197.59,218.65,197.1,215.86,22814822
2024-10-21T04:00:00Z,214.49,223.15,208.45,219.05,18028627
2024-10-22T04:00:00Z,216.21,221.4,212.084,219.7,13758062
2024-10-23T04:00:00Z,215.08,222.85,204.91,213.95,17025503
2024-10-24T04:00:00Z,220.09,236.29,218.25,235.89,23221545
2024-10-25T04:00:00Z,236.385,245.5657,227.75,234.34,25093205
2024-10-28T04:00:00Z,244.64,259.5,242.77,255.34,23181974
2024-10-29T04:00:00Z,264.25,267.89,251.24,258.24,25958545
2024-10-30T04:00:00Z,246.5,255.8,239.0,247.31,20593324
2024-10-31T04:00:00Z,251.12,252.88,237.0,244.5,21954122
2024-11-01T04:00:00Z,245.33,255.75,225.93,229.71,26258857
2024-11-04T05:00:00Z,226.97,231.68,220.82,222.99,13438764
2024-11-05T05:00:00Z,233.34,243.4563,225.43,227.8,17993882
2024-11-06T05:00:00Z,260.0,261.2,242.69,257.81,26270427
2024-11-07T05:00:00Z,256.8,280.8007,252.7,270.81,23931687
2024-11-08T05:00:00Z,275.575,279.3799,262.6,270.42,18764220
2024-11-11T05:00:00Z,297.0,351.73,293.3,340.0,47315730
2024-11-12T05:00:00Z,334.77,360.89,325.5,356.59,39705753
2024-11-13T05:00:00Z,366.98,383.4,321.7,328.38,46238500
2024-11-14T05:00:00Z,341.77,348.0,318.62,327.67,26605694
2024-11-15T05:00:00Z,336.6,349.94,324.1,340.65,25841965
2024-11-18T05:00:00Z,345.415,388.4899,339.375,384.79,32745915
2024-11-19T05:00:00Z,389.5,449.0,381.0,430.54,50954502
2024-11-20T05:00:00Z,463.4,504.83,457.3024,473.83,70212633
2024-11-21T05:00:00Z,535.63,543.0,371.8401,397.28,100443991
2024-11-22T05:00:00Z,403.6,453.0,393.1,421.88,55935009
2024-11-25T05:00:00Z,440.75,440.75,383.8,403.45,40180421
2024-11-26T05:00:00Z,382.78,402.9999,338.6701,353.69,47891004
2024-11-27T05:00:00Z,384.29,397.66,372.5,388.84,34921206
2024-11-29T05:00:00Z,405.75,417.6193,381.0,387.47,21987618
2024-12-02T05:00:00Z,393.64,398.7899,374.36,380.3,23404298
2024-12-03T05:00:00Z,367.85,393.1227,362.67,373.43,22817455
2024-12-04T05:00:00Z,380.0,409.97,365.6,406.0,29862186
2024-12-05T05:00:00Z,440.12,444.9447,379.35,386.4,46189812
2024-12-06T05:00:00Z,395.29,405.0,384.02,395.01,26206157
2024-12-09T05:00:00Z,394.0,399.8,363.44,365.34,22606091
2024-12-10T05:00:00Z,373.37,379.8,356.05,377.32,20139878
2024-12-11T05:00:00Z,385.66,412.6799,385.5,411.4,27594366
2024-12-12T05:00:00Z,413.71,415.8043,386.11,392.19,21074260
2024-12-13T05:00:00Z,400.07,409.71,388.88,408.67,21536882
2024-12-16T05:00:00Z,424.87,437.6099,406.455,408.5,31099439
2024-12-17T05:00:00Z,413.45,415.68,386.01,386.42,21821974
2024-12-18T05:00:00Z,386.0,390.32,338.0,349.64,24422921
2024-12-19T05:00:00Z,365.44,367.5,323.48,326.46,26922884
2024-12-20T05:00:00Z,319.37,364.88,317.0,364.2,44889882
2024-12-23T05:00:00Z,358.0,359.7411,329.08,332.23,21742486
2024-12-24T05:00:00Z,343.5,361.0,342.7,358.18,16377781
2024-12-26T05:00:00Z,350.305,351.7999,340.0,341.05,13295118
2024-12-27T05:00:00Z,342.3,342.705,323.2,330.0,13778471
2024-12-30T05:00:00Z,319.4,320.01,301.7489,302.96,25771230
2024-12-31T05:00:00Z,316.96,317.91,285.01,289.62,22486110
2025-01-02T05:00:00Z,300.11,310.8,292.315,300.01,17933875
2025-01-03T05:00:00Z,303.0,343.4,301.7663,339.66,25039041
2025-01-06T05:00:00Z,349.85,383.02,335.5,379.09,26707279
2025-01-07T05:00:00Z,366.47,371.28,335.3,341.425,24736771
2025-01-08T05:00:00Z,335.245,344.39,317.22,331.7,18274784
2025-01-10T05:00:00Z,330.31,337.0,317.91,327.91,16478719
2025-01-13T05:00:00Z,309.95,329.6,303.8,328.4,15914503
2025-01-14T05:00:00Z,343.0,354.9,331.3,342.17,17889530
2025-01-15T05:00:00Z,357.81,368.42,353.0129,360.62,19941337
2025-01-16T05:00:00Z,357.89,370.2588,345.8,367.0,14826626
2025-01-17T05:00:00Z,383.28,398.68,380.1528,396.5,24339148
2025-01-21T05:00:00Z,395.455,404.4173,367.76,389.1,26215758
2025-01-22T05:00:00Z,384.91,390.35,371.0498,377.31,16000314
2025-01-23T05:00:00Z,371.75,390.2,370.7,373.12,23306469
2025-01-24T05:00:00Z,377.665,378.11,351.0,353.67,22943783
2025-01-27T05:00:00Z,340.5,356.88,322.3,347.92,21224434
2025-01-28T05:00:00Z,344.68,348.9201,333.09,335.93,11461371
2025-01-29T05:00:00Z,338.195,343.63,329.33,341.25,11716796
2025-01-30T05:00:00Z,345.83,356.1147,338.5201,340.09,12607754
2025-01-31T05:00:00Z,340.11,352.71,332.0,334.79,15565985
2025-02-03T05:00:00Z,310.0,348.85,308.9,347.09,18207270
2025-02-04T05:00:00Z,341.195,353.79,340.45,348.31,12485965
2025-02-05T05:00:00Z,349.0,352.36,333.55,336.7,10973940
2025-02-06T05:00:00Z,338.7,344.5,320.71,325.46,12795184
2025-02-07T05:00:00Z,335.0,344.4,327.0,327.56,15049714
2025-02-10T05:00:00Z,333.5,340.38,328.3,334.62,10104081
2025-02-11T05:00:00Z,332.98,338.5,318.7,319.46,12017214
2025-02-12T05:00:00Z,315.96,331.17,314.19,326.82,9837883
2025-02-13T05:00:00Z,325.5,330.59,317.35,324.92,9848079
2025-02-14T05:00:00Z,325.15,344.89,323.7128,337.73,13912763
2025-02-18T05:00:00Z,337.35,340.49,326.785,333.97,10179752
2025-02-19T05:00:00Z,337.3,340.19,317.22,318.67,17043129
2025-02-20T05:00:00Z,323.73,327.83,314.95,323.92,12291749
2025-02-21T05:00:00Z,327.93,329.0,299.04,299.69,17930836
2025-02-24T05:00:00Z,304.0,304.04,276.395,282.76,17974948
2025-02-25T05:00:00Z,268.1,270.29,243.7,250.51,31379590
2025-02-26T05:00:00Z,245.39,264.46,244.01,263.27,19876850
2025-02-27T05:00:00Z,267.425,271.4552,239.48,240.05,18520303
2025-02-28T05:00:00Z,238.315,257.4999,231.92,255.43,22662629
2025-03-03T05:00:00Z,293.15,295.1,246.1,250.92,30575720
2025-03-04T05:00:00Z,240.28,293.04,237.0102,275.15,30130174
2025-03-05T05:00:00Z,278.305,311.28,271.77,308.55,26199769
2025-03-06T05:00:00Z,298.95,320.94,292.17,304.11,25309508
2025-03-07T05:00:00Z,298.145,310.44,281.44,287.18,22764487
2025-03-10T04:00:00Z,268.0,272.0,231.62,239.27,31478334
2025-03-11T04:00:00Z,245.0,263.0999,231.51,260.59,22076133
2025-03-12T04:00:00Z,264.6,269.7721,248.22,262.55,14328551
2025-03-13T04:00:00Z,262.0,270.405,253.76,263.26,13804685
2025-03-14T04:00:00Z,273.99,298.7,272.62,297.49,23714043
2025-03-17T04:00:00Z,292.15,296.8068,281.6,294.27,12998721
2025-03-18T04:00:00Z,283.2,290.99,272.5,283.19,15398200
2025-03-19T04:00:00Z,290.3,309.0832,287.12,304.23,19378788
2025-03-20T04:00:00Z,298.79,309.4,293.4,302.07,15058059
2025-03-21T04:00:00Z,295.7,306.39,293.0493,304.0,21773999
2025-03-24T04:00:00Z,316.14,336.77,311.36,335.72,23099744
2025-03-25T04:00:00Z,333.48,343.5899,329.5,341.81,15053724
2025-03-26T04:00:00Z,336.5,340.3399,319.73,329.31,16797178
2025-03-27T04:00:00Z,322.53,333.49,318.0,324.59,13838338
2025-03-28T04:00:00Z,318.38,320.8,289.25,289.41,21058915
2025-03-31T04:00:00Z,281.87,294.885,272.8,288.27,14866292
2025-04-01T04:00:00Z,293.53,307.6,280.6509,306.02,16780113
2025-04-02T04:00:00Z,297.86,319.47,296.98,312.54,16293825
2025-04-03T04:00:00Z,286.75,299.2249,276.03,282.28,18223003
2025-04-04T04:00:00Z,285.015,299.14,265.3022,293.61,24847129
2025-04-07T04:00:00Z,260.14,297.6,252.6,268.14,28449324
2025-04-08T04:00:00Z,278.15,282.8394,235.93,237.95,22952708
2025-04-09T04:00:00Z,242.015,302.34,241.69,296.86,38346353
2025-04-10T04:00:00Z,282.5,288.3119,261.37,272.34,19237822
2025-04-11T04:00:00Z,281.3,304.15,276.3001,299.98,21334111
2025-04-14T04:00:00Z,309.8,314.6,300.1,311.45,15635383
2025-04-15T04:00:00Z,312.22,319.75,306.81,310.72,11217784
2025-04-16T04:00:00Z,306.06,318.6,304.0,311.66,12847246
2025-04-17T04:00:00Z,313.89,320.0,306.0,317.2,13511095
2025-04-21T04:00:00Z,324.99,330.994,309.0,317.76,16053189
2025-04-22T04:00:00Z,328.705,348.9599,327.01,343.03,24036452
2025-04-23T04:00:00Z,354.7,355.83,339.0,345.73,16690664
2025-04-24T04:00:00Z,344.97,351.03,343.2401,350.34,10781381
2025-04-25T04:00:00Z,354.0,373.23,353.12,368.71,19338560
2025-04-28T04:00:00Z,373.29,373.66,354.53,369.25,11490917
2025-04-29T04:00:00Z,369.02,383.95,366.8,381.45,13038829
2025-04-30T04:00:00Z,373.775,384.0,362.3901,380.11,13762876
2025-05-01T04:00:00Z,392.29,403.9,381.03,381.6,16944133
2025-05-02T04:00:00Z,393.875,401.7,387.51,394.37,15947978
2025-05-05T04:00:00Z,383.33,391.93,374.2,386.53,14424129
2025-05-06T04:00:00Z,378.56,387.86,377.77,385.6,9695615
2025-05-07T04:00:00Z,393.8,396.35,388.26,392.48,10607553
2025-05-08T04:00:00Z,408.165,423.105,404.5,414.38,22135578
2025-05-09T04:00:00Z,420.0,430.3499,406.22,416.03,17161815
2025-05-12T04:00:00Z,420.92,422.04,400.83,404.9,16245468
2025-05-13T04:00:00Z,412.5499,422.55,404.12,421.61,12924974
2025-05-14T04:00:00Z,420.395,425.94,410.41,416.75,10722652
2025-05-15T04:00:00Z,411.7,415.36,394.14,397.03,14674666
2025-05-16T04:00:00Z,399.0,406.8965,389.01,399.8,12461115
2025-05-19T04:00:00Z,392.81,414.59,392.62,413.42,12821966
2025-05-20T04:00:00Z,413.5,417.85,406.1025,416.92,11532230
2025-05-21T04:00:00Z,415.92,423.34,395.5285,402.69,18698520
2025-05-22T04:00:00Z,413.2,426.32,398.91,399.46,16511372
2025-05-23T04:00:00Z,391.51,392.19,367.31,369.51,21448767
2025-05-27T04:00:00Z,381.115,381.3,364.18,372.2,14115975
2025-05-28T04:00:00Z,368.53,370.6523,358.5,364.25,9936835
2025-05-29T04:00:00Z,370.785,373.86,362.74,370.63,10217575
2025-05-30T04:00:00Z,369.0,372.56,359.155,369.06,12564026
2025-06-02T04:00:00Z,367.885,378.43,367.019,372.27,8102772
2025-06-03T04:00:00Z,379.4,391.0099,371.37,387.43,11351756
2025-06-04T04:00:00Z,385.8,386.12,375.66,378.1,8472192
2025-06-05T04:00:00Z,383.85,385.3799,364.3029,368.79,11957637
2025-06-06T04:00:00Z,377.4,380.6,369.71,374.47,9384245
2025-06-09T04:00:00Z,380.68,394.79,377.6,392.12,10924592
2025-06-10T04:00:00Z,393.24,394.0,383.6,391.18,7074796
2025-06-11T04:00:00Z,391.23,392.77,380.5,387.11,6812152
2025-06-12T04:00:00Z,378.4,391.22,373.9825,379.76,9423919
2025-06-13T04:00:00Z,375.225,383.56,370.62,382.87,9378928
2025-06-16T04:00:00Z,387.61,388.15,377.4,382.25,8105204
2025-06-17T04:00:00Z,375.255,378.48,367.0001,375.18,11218473
2025-06-18T04:00:00Z,371.43,374.9099,367.42,369.03,9200504
2025-06-20T04:00:00Z,372.75,376.1,365.11,369.7,12821792
2025-06-23T04:00:00Z,362.48,370.3,358.8,367.18,10614707
2025-06-24T04:00:00Z,373.68,384.3559,371.0,377.02,10174889
2025-06-25T04:00:00Z,384.83,389.49,379.31,388.67,10606562
2025-06-26T04:00:00Z,386.35,392.67,384.15,386.44,10202328
2025-06-27T04:00:00Z,385.225,397.99,383.41,383.88,18694416
2025-06-30T04:00:00Z,389.78,407.3901,384.25,404.23,13752875
2025-07-01T04:00:00Z,395.7,397.8746,372.91,373.3,17289648
2025-07-02T04:00:00Z,383.34,405.2986,379.88,402.28,17454404
2025-07-03T04:00:00Z,400.87,414.6,400.4,403.99,10013902
2025-07-07T04:00:00Z,402.635,405.64,395.2,395.67,8848175
2025-07-08T04:00:00Z,399.692,402.1999,393.21,396.94,7022739
2025-07-09T04:00:00Z,401.6,416.34,395.95,415.41,13065370
2025-07-10T04:00:00Z,412.565,422.3999,411.2,421.74,13208563
2025-07-11T04:00:00Z,430.54,438.84,423.5,434.58,18448533
2025-07-14T04:00:00Z,447.2,456.45,440.65,451.02,17952539
2025-07-15T04:00:00Z,445.22,456.66,441.0186,442.31,14315363
2025-07-16T04:00:00Z,448.31,457.22,445.56,455.9,10575446
2025-07-17T04:00:00Z,451.675,456.0,446.58,451.34,8901408
2025-07-18T04:00:00Z,451.72,454.33,422.22,423.22,19105360
2025-07-21T04:00:00Z,430.1,437.0,425.02,426.28,9984473
2025-07-22T04:00:00Z,428.845,433.94,413.6,426.4,10524157
2025-07-23T04:00:00Z,422.83,424.0,406.1001,412.67,12990043
2025-07-24T04:00:00Z,414.58,419.95,406.17,414.92,7407323
2025-07-25T04:00:00Z,405.67,410.95,402.2,405.89,8380224
2025-07-28T04:00:00Z,416.945,417.01,403.46,403.8,6996547
2025-07-29T04:00:00Z,405.96,407.0,390.4108,394.66,10580031
2025-07-30T04:00:00Z,396.78,404.39,392.59,395.04,7543791
2025-07-31T04:00:00Z,399.125,410.81,397.08,401.86,10467511
2025-08-01T04:00:00Z,390.405,392.64,365.7,366.63,21808902
2025-08-04T04:00:00Z,372.77,390.02,366.2001,389.24,12362382
2025-08-05T04:00:00Z,384.175,388.305,373.35,375.46,8467080
2025-08-06T04:00:00Z,374.75,384.42,373.001,383.41,7242638
2025-08-07T04:00:00Z,388.4,406.24,387.14,402.01,13051194
2025-08-08T04:00:00Z,397.6,409.65,389.03,395.13,11200116
2025-08-11T04:00:00Z,403.92,414.36,398.92,400.25,10394429
2025-08-12T04:00:00Z,400.5,401.67,390.14,394.39,8365108
2025-08-13T04:00:00Z,397.73,399.44,383.55,389.9,10884943
2025-08-14T04:00:00Z,380.0,381.0,365.0,372.94,16461651
2025-08-15T04:00:00Z,372.21,372.62,360.0322,366.32,13125281
2025-08-18T04:00:00Z,359.945,367.5658,358.01,363.6,9001954
2025-08-19T04:00:00Z,363.19,364.63,333.4,336.57,18254611
2025-08-20T04:00:00Z,339.38,345.5,325.56,344.37,13807212
2025-08-21T04:00:00Z,340.0,343.27,334.85,337.58,8398545
2025-08-22T04:00:00Z,335.2,359.53,332.61,358.13,17386939
2025-08-25T04:00:00Z,344.91,351.51,339.2109,343.2,10983426
2025-08-26T04:00:00Z,341.805,351.99,340.68,351.36,9144162
2025-08-27T04:00:00Z,348.68,351.77,341.84,342.06,8454295
2025-08-28T04:00:00Z,346.16,348.1699,336.65,338.84,8116129
2025-08-29T04:00:00Z,334.6,339.63,332.64,334.41,10162267
2025-09-02T04:00:00Z,334.93,348.6,331.57,341.62,11123010
2025-09-03T04:00:00Z,341.77,344.5,327.609,330.26,9180195
2025-09-04T04:00:00Z,330.0,332.56,317.7504,327.59,10529990
2025-09-05T04:00:00Z,334.81,337.2,320.0,335.87,14047603
2025-09-08T04:00:00Z,328.11,333.0967,321.5,329.9,9954514
2025-09-09T04:00:00Z,330.23,331.96,324.45,328.53,6587817
2025-09-10T04:00:00Z,332.8,340.01,321.956,326.45,9741359
2025-09-11T04:00:00Z,326.87,329.75,322.77,326.02,7506896
2025-09-12T04:00:00Z,329.15,336.1301,327.6,331.44,10809904
2025-09-15T04:00:00Z,329.4,331.33,320.45,327.79,9527674
2025-09-16T04:00:00Z,329.23,335.44,324.84,335.09,8651259
2025-09-17T04:00:00Z,335.66,340.11,323.205,329.71,9690985
2025-09-18T04:00:00Z,335.86,358.25,334.625,349.12,19697259
2025-09-19T04:00:00Z,347.45,352.92,337.07,344.75,17699698
2025-09-22T04:00:00Z,337.02,341.59,329.0,335.93,10053535
2025-09-23T04:00:00Z,337.06,339.0,327.77,327.78,9468789
2025-09-24T04:00:00Z,330.63,337.0599,323.14,323.31,9153097
2025-09-25T04:00:00Z,316.61,317.0,292.36,300.7,22086992
2025-09-26T04:00:00Z,301.3,310.0,297.71,309.06,11693362
2025-09-29T04:00:00Z,313.73,327.99,311.0,326.42,12652008
2025-09-30T04:00:00Z,320.835,324.4999,316.19,322.21,7798818
2025-10-01T04:00:00Z,332.47,343.73,331.2,338.41,13994829
2025-10-02T04:00:00Z,348.57,353.22,341.15,352.33,13666759
2025-10-03T04:00:00Z,350.865,358.54,344.4,351.63,12107918
2025-10-06T04:00:00Z,362.95,365.21,354.7,359.69,9550967
2025-10-07T04:00:00Z,358.88,359.44,328.16,328.4,19584106
2025-10-08T04:00:00Z,335.615,336.36,322.3,330.8,12996276
2025-10-09T04:00:00Z,327.4,328.99,318.22,320.29,11213175
2025-10-10T04:00:00Z,323.175,323.43,303.57,304.79,13643730
2025-10-13T04:00:00Z,306.67,315.95,300.59,315.47,11575024
2025-10-14T04:00:00Z,301.0,312.7099,297.34,300.67,11480498
2025-10-15T04:00:00Z,303.6,308.88,294.62,296.76,10625605
2025-10-16T04:00:00Z,299.9,301.58,282.19,283.84,13817949
2025-10-17T04:00:00Z,279.27,292.8,279.0,289.87,13110673
2025-10-20T04:00:00Z,297.21,306.16,294.4,296.61,9679688
2025-10-21T04:00:00Z,293.95,305.9899,291.52,301.91,7902814
2025-10-22T04:00:00Z,293.02,297.96,276.6,280.81,15129499
2025-10-23T04:00:00Z,285.47,289.07,278.0,284.92,9082117
2025-10-24T04:00:00Z,290.43,292.15,286.11,289.08,7881709
2025-10-27T04:00:00Z,299.5,299.8,293.0001,295.63,8135934
2025-10-28T04:00:00Z,295.14,297.2,284.25,284.64,7996793
2025-10-29T04:00:00Z,284.375,286.175,274.0,275.36,10184055
2025-10-30T04:00:00Z,269.985,271.365,254.0,254.57,15564196
2025-10-31T04:00:00Z,269.98,276.3199,263.0,269.51,14071785
2025-11-03T05:00:00Z,264.19,270.36,259.85,264.67,11074628
2025-11-04T05:00:00Z,255.16,258.21,245.86,246.99,15735129
2025-11-05T05:00:00Z,250.2,255.36,247.0201,255.0,9676192
2025-11-06T05:00:00Z,252.14,252.34,235.03,237.2,14468335
2025-11-07T05:00:00Z,222.66,243.7325,219.68,241.93,16976057
2025-11-10T05:00:00Z,249.68,249.96,234.6,238.88,9527228
2025-11-11T05:00:00Z,236.455,239.24,230.55,231.35,8340252
2025-11-12T05:00:00Z,233.9,234.84,219.8,224.61,10800418
2025-11-13T05:00:00Z,223.8,226.0,207.03,208.54,16474524
2025-11-14T05:00:00Z,200.58,208.84,194.56,199.75,23233803
2025-11-17T05:00:00Z,197.025,204.15,189.5315,195.42,19544953
2025-11-18T05:00:00Z,196.36,213.83,196.0,206.8,22049488
2025-11-19T05:00:00Z,202.36,203.95,181.73,186.5,28025372
2025-11-20T05:00:00Z,192.44,193.53,171.475,177.13,27684354
2025-11-21T05:00:00Z,172.74,181.19,166.31,170.5,29651281
2025-11-24T05:00:00Z,171.62,179.84,166.01,179.04,23282608
2025-11-25T05:00:00Z,173.71,176.76,166.7801,172.19,19112667
2025-11-26T05:00:00Z,173.69,180.63,169.7,175.64,20016529
2025-11-28T05:00:00Z,182.99,187.29,175.0501,177.18,15114321
2025-12-01T05:00:00Z,168.26,172.175,155.61,171.42,42940226
2025-12-02T05:00:00Z,177.75,188.37,176.89,181.33,31285555
2025-12-03T05:00:00Z,183.4,190.44,177.82,188.39,26686140
2025-12-04T05:00:00Z,186.02,191.0,182.35,186.01,16474436
2025-12-05T05:00:00Z,183.335,185.39,176.3,178.99,20750666
2025-12-08T05:00:00Z,182.1,185.59,178.0,183.69,16328140
2025-12-09T05:00:00Z,181.49,198.3999,179.92,188.99,24269606
2025-12-10T05:00:00Z,189.32,191.07,182.2,184.64,22458960
2025-12-11T05:00:00Z,179.79,183.5,171.41,183.3,19542363
2025-12-12T05:00:00Z,182.97,185.25,176.22,176.45,14532100
2025-12-15T05:00:00Z,176.0,176.5,160.54,162.08,25393373
2025-12-16T05:00:00Z,164.97,171.489,161.95,167.5,21181041
2025-12-17T05:00:00Z,167.745,171.1631,160.31,160.38,19144896
2025-12-18T05:00:00Z,167.81,169.51,157.43,158.24,17534711
2025-12-19T05:00:00Z,163.4,167.75,161.63,164.82,22062408
2025-12-22T05:00:00Z,168.82,170.67,163.69,164.32,19234491
2025-12-23T05:00:00Z,162.25,162.73,156.5,157.88,15891201
2025-12-24T05:00:00Z,157.2,159.28,155.1,158.71,7097556
2025-12-26T05:00:00Z,159.89,159.91,154.1219,158.81,12298168
2025-12-29T05:00:00Z,157.945,162.93,155.32,155.39,14073500
2025-12-30T05:00:00Z,155.82,159.38,154.1321,155.61,12740204
2025-12-31T05:00:00Z,156.24,156.8,151.42,151.95,15918113
2026-01-02T05:00:00Z,154.59,160.79,149.75,157.16,20185581
2026-01-05T05:00:00Z,163.415,167.7,160.96,164.72,22858977
2026-01-06T05:00:00Z,166.88,167.14,154.05,157.97,22627814
2026-01-07T05:00:00Z,163.445,170.16,158.45,161.83,28406918
2026-01-08T05:00:00Z,158.625,170.62,156.17,166.97,25159399
2026-01-09T05:00:00Z,166.75,167.2,155.46,157.33,27962568
2026-01-12T05:00:00Z,156.27,163.82,154.69,162.23,16181956
2026-01-13T05:00:00Z,164.45,173.76,159.93,172.99,27656216
2026-01-14T05:00:00Z,178.64,190.2,176.12,179.33,40256997
2026-01-15T05:00:00Z,179.125,179.25,170.09,170.91,21486492
2026-01-16T05:00:00Z,171.925,173.88,167.59,173.71,19462498
2026-01-20T05:00:00Z,165.17,165.72,158.85,160.23,25666720
2026-01-21T05:00:00Z,161.27,165.72,156.01,163.81,18440819
2026-01-22T05:00:00Z,163.725,164.64,159.44,160.98,11116020
2026-01-23T05:00:00Z,160.94,168.9638,158.72,163.11,14879278
2026-01-26T05:00:00Z,159.41,163.92,158.62,160.58,14516490
2026-01-27T05:00:00Z,160.305,161.67,156.98,161.58,13962174
2026-01-28T05:00:00Z,164.45,165.72,157.0,158.45,14082562
2026-01-29T05:00:00Z,155.95,156.0,139.3601,143.19,34618495
2026-01-30T05:00:00Z,139.995,151.15,139.9,149.71,22767966
2026-02-02T05:00:00Z,139.765,147.8751,138.0,139.63,27171514
2026-02-03T05:00:00Z,140.135,140.23,126.7401,133.26,26169018
2026-02-04T05:00:00Z,130.01,130.8199,121.188,129.09,25775590
2026-02-05T05:00:00Z,120.25,122.0,104.165,106.99,60129688
2026-02-06T05:00:00Z,114.95,135.67,114.68,134.93,57771017
2026-02-09T05:00:00Z,127.37,139.58,125.13,138.44,34291586
2026-02-10T05:00:00Z,133.66,139.16,132.6775,133.0,23002117
2026-02-11T05:00:00Z,133.685,133.91,123.915,126.07,25837795
2026-02-12T05:00:00Z,127.57,128.99,120.64,123.0,20960669
2026-02-13T05:00:00Z,126.995,135.25,125.76,133.88,24573898
2026-02-17T05:00:00Z,129.01,132.12,125.91,128.67,18881039
2026-02-18T05:00:00Z,127.625,132.25,123.615,125.2,17307658
2026-02-19T05:00:00Z,123.49,130.04,121.87,129.45,15457214
2026-02-20T05:00:00Z,130.51,136.14,129.41,131.05,17625403
2026-02-23T05:00:00Z,127.895,130.375,122.83,123.71,18858939
2026-02-24T05:00:00Z,121.71,126.7399,118.4,124.61,15352689
2026-02-25T05:00:00Z,130.045,137.86,128.94,135.65,24152057
2026-02-26T05:00:00Z,133.7,135.75,128.64,133.4,18110816
2026-02-27T05:00:00Z,128.945,131.12,127.8602,129.5,14027679
2026-03-02T05:00:00Z,129.135,140.14,128.94,137.65,25456105
2026-03-03T05:00:00Z,133.335,136.46,127.8,132.68,19405915
2026-03-04T05:00:00Z,143.825,149.54,142.19,146.44,37382631
2026-03-05T05:00:00Z,145.04,146.44,137.21,139.81,21286000
2026-03-06T05:00:00Z,134.895,136.36,131.77,133.53,19538812
2026-03-09T04:00:00Z,136.0,140.19,135.303,138.95,20432959
2026-03-10T04:00:00Z,141.925,142.46,133.94,138.46,18324975
2026-03-11T04:00:00Z,139.81,142.67,135.14,138.33,15637635
2026-03-12T04:00:00Z,137.16,138.8,133.38,137.34,15229408
2026-03-13T04:00:00Z,143.86,147.26,138.44,139.67,23685396
2026-03-16T04:00:00Z,145.35,148.24,143.31,147.52,22933213
2026-03-17T04:00:00Z,145.965,152.27,145.23,150.28,18448492
2026-03-18T04:00:00Z,144.99,146.7586,140.35,140.56,21314080
2026-03-19T04:00:00Z,135.02,139.78,132.76,138.24,19227745
2026-03-20T04:00:00Z,139.47,139.685,134.13,135.66,28568296
2026-03-23T04:00:00Z,138.605,139.93,133.97,138.2,21633732
2026-03-24T04:00:00Z,138.73,140.05,134.28,136.25,19098507
2026-03-25T04:00:00Z,140.4,143.85,136.8,139.13,18708022
2026-03-26T04:00:00Z,136.55,139.08,132.691,132.93,15285460
2026-03-27T04:00:00Z,129.88,130.65,123.98,126.03,21475088
2026-03-30T04:00:00Z,129.55,130.34,120.8,121.44,15800396
2026-03-31T04:00:00Z,123.16,125.3,117.75,124.8,21290255
2026-04-01T04:00:00Z,126.18,126.3,121.44,122.78,15378297
2026-04-02T04:00:00Z,119.8,122.645,116.4,119.83,17609742
2026-04-06T04:00:00Z,124.57,128.46,123.2,127.69,18435856
2026-04-07T04:00:00Z,125.32,126.74,121.14,123.72,14284175
2026-04-08T04:00:00Z,133.665,134.5,126.13,128.3,17149196
2026-04-09T04:00:00Z,127.825,132.21,125.8,128.86,14497441
2026-04-10T04:00:00Z,130.05,132.28,127.4,128.64,13097463
2026-04-13T04:00:00Z,126.65,132.49,125.04,132.36,12804672
2026-04-14T04:00:00Z,137.925,143.7,136.32,137.41,20643176
2026-04-15T04:00:00Z,139.75,143.75,135.49,143.54,13941677
2026-04-16T04:00:00Z,143.21,149.16,139.33,148.94,17637956
2026-04-17T04:00:00Z,154.63,173.15,153.77,166.52,52173653
2026-04-20T04:00:00Z,162.295,171.06,160.635,170.81,22173493
2026-04-21T04:00:00Z,170.61,172.9,163.75,163.97,22153491
2026-04-22T04:00:00Z,174.925,183.25,174.0,179.36,31893901
2026-04-23T04:00:00Z,175.88,180.92,171.5401,172.47,19558950
2026-04-24T04:00:00Z,176.875,177.28,169.0101,171.02,14119363
2026-04-27T04:00:00Z,170.92,175.75,167.61,169.2,13295416
2026-04-28T04:00:00Z,163.75,166.5,159.6801,165.7,8541775
2026-04-29T04:00:00Z,165.7100067138672,165.74000549316406,156.11000061035156,158.19000244140625,15146200
2026-04-30T04:00:00Z,161.77000427246094,166.83999633789062,159.0,165.4499969482422,12437800
2026-05-01T04:00:00Z,170.8000030517578,180.3800048828125,169.42999267578125,177.1699981689453,21661200
2026-05-04T04:00:00Z,180.89999389648438,186.00999450683594,178.49000549316406,183.8000030517578,18114300
2026-05-05T04:00:00Z,189.5500030517578,190.41000366210938,183.72000122070312,186.89999389648438,14980800
