window,exec_interval,signal_interval,signal_mode,signal_ma_period,freeze_days,freeze_bars,freeze_basis,raw_flips,regime_flips,trades,return,max_dd,excess_vs_bh
1h_exec_2y,1h,1h,long_close_signal,960,0,0,signal,237,237,237,-0.03399572722587607,-0.40397353456742313,-0.2088268023262213
1h_exec_2y,1h,1h,exec_close_vs_signal_ma,960,0,0,execution,235,235,235,-0.032548706354983414,-0.4030461579922131,-0.21038707526515799
1h_exec_2y,1h,1h,long_close_signal,960,1,24,signal,237,91,91,0.15345773632518833,-0.33072824422379443,-0.021373338775156903
1h_exec_2y,1h,1h,exec_close_vs_signal_ma,960,1,24,execution,235,91,91,0.15345773632518833,-0.33072824422379443,-0.02438063258498624
1h_exec_2y,1h,1h,long_close_signal,960,2,48,signal,237,73,73,0.11123942466784831,-0.35782683690256356,-0.06359165043249693
1h_exec_2y,1h,1h,exec_close_vs_signal_ma,960,2,48,execution,235,73,73,0.11123942466784831,-0.35782683690256356,-0.06659894424232626
1h_exec_2y,1h,1h,long_close_signal,960,3,72,signal,237,65,65,-0.049131192791578404,-0.4097873730943268,-0.22396226789192364
1h_exec_2y,1h,1h,exec_close_vs_signal_ma,960,3,72,execution,235,65,65,-0.049131192791578404,-0.4097873730943268,-0.22696956170175298
1h_exec_2y,1h,1h,long_close_signal,960,5,120,signal,237,47,47,0.1999183990737441,-0.30668866654542515,0.025087323973398856
1h_exec_2y,1h,1h,exec_close_vs_signal_ma,960,5,120,execution,235,47,47,0.1999183990737441,-0.30668866654542515,0.02208003016356952
1h_exec_2y,1h,1h,long_close_signal,960,7,168,signal,237,35,35,0.5404275114820196,-0.27210447327859366,0.3655964363816744
1h_exec_2y,1h,1h,exec_close_vs_signal_ma,960,7,168,execution,235,35,35,0.5404275114820196,-0.27210447327859366,0.36258914257184505
1h_exec_2y,1h,1h,long_close_signal,960,10,240,signal,237,35,35,0.09169711079599141,-0.4064571513032168,-0.08313396430435382
1h_exec_2y,1h,1h,exec_close_vs_signal_ma,960,10,240,execution,235,35,35,0.09169711079599141,-0.4064571513032168,-0.08614125811418316
1h_exec_2y,1h,1h,long_close_signal,960,15,360,signal,237,29,29,0.07594941315194226,-0.2965587889928124,-0.09888166194840298
1h_exec_2y,1h,1h,exec_close_vs_signal_ma,960,15,360,execution,235,29,29,0.07594941315194226,-0.2965587889928124,-0.10188895575823231
1h_exec_2y,1h,1h,long_close_signal,960,20,480,signal,237,23,23,0.4204839596716716,-0.29872968589202775,0.2456528845713264
1h_exec_2y,1h,1h,exec_close_vs_signal_ma,960,20,480,execution,235,23,23,0.4204839596716716,-0.29872968589202775,0.24264559076149705
1h_exec_2y,1h,4h,long_close_signal,240,0,0,signal,115,115,115,0.03338127057725804,-0.38150129234764296,-0.1414498045230872
1h_exec_2y,1h,4h,exec_close_vs_signal_ma,240,0,0,execution,241,241,241,-0.04732823761610572,-0.41417712414522867,-0.2178951584746791
1h_exec_2y,1h,4h,long_close_signal,240,1,6,signal,115,81,81,0.06057984078785572,-0.36014387810769444,-0.11425123431248951
1h_exec_2y,1h,4h,exec_close_vs_signal_ma,240,1,24,execution,241,93,93,0.0993687794540008,-0.3621123253160188,-0.07119814140457259
1h_exec_2y,1h,4h,long_close_signal,240,2,12,signal,115,65,65,0.11609191856884427,-0.3581998800533991,-0.05873915653150097
1h_exec_2y,1h,4h,exec_close_vs_signal_ma,240,2,48,execution,241,75,75,0.06498161369610322,-0.3845587221563357,-0.10558530716247017
1h_exec_2y,1h,4h,long_close_signal,240,3,18,signal,115,53,53,0.07872685289728443,-0.3499647164124061,-0.09610422220306081
1h_exec_2y,1h,4h,exec_close_vs_signal_ma,240,3,72,execution,241,67,67,-0.11410446578682609,-0.45011685476674335,-0.2846713866453995
1h_exec_2y,1h,4h,long_close_signal,240,5,30,signal,115,41,41,0.2013633316999497,-0.33329587010955897,0.026532256599604453
1h_exec_2y,1h,4h,exec_close_vs_signal_ma,240,5,120,execution,241,47,47,0.21433504957922578,-0.29835874411601715,0.04376812872065239
1h_exec_2y,1h,4h,long_close_signal,240,7,42,signal,115,35,35,0.28403163192578873,-0.339683859382924,0.1092005568254435
1h_exec_2y,1h,4h,exec_close_vs_signal_ma,240,7,168,execution,241,37,37,0.5014529150075888,-0.29052107140998984,0.3308859941490154
1h_exec_2y,1h,4h,long_close_signal,240,10,60,signal,115,35,35,-0.03657918969022045,-0.46110614109420767,-0.21141026479056568
1h_exec_2y,1h,4h,exec_close_vs_signal_ma,240,10,240,execution,241,35,35,0.09264950795663074,-0.4064571513032168,-0.07791741290194265
1h_exec_2y,1h,4h,long_close_signal,240,15,90,signal,115,27,27,0.1591242752394586,-0.31524467193699934,-0.015706799860886633
1h_exec_2y,1h,4h,exec_close_vs_signal_ma,240,15,360,execution,241,29,29,0.07055676472951178,-0.2965587889928126,-0.10001015612906161
1h_exec_2y,1h,4h,long_close_signal,240,20,120,signal,115,21,21,0.5143586708067531,-0.30275620586606233,0.3395275957064079
1h_exec_2y,1h,4h,exec_close_vs_signal_ma,240,20,480,execution,241,23,23,0.4204839596716716,-0.29872968589202775,0.24991703881309824
1h_exec_2y,1h,1d,long_close_signal,40,0,0,signal,51,51,51,0.2590405581426558,-0.2480834654605112,0.08420948304231057
1h_exec_2y,1h,1d,exec_close_vs_signal_ma,40,0,0,execution,229,229,229,-0.00048231949593069423,-0.38618920996577943,-0.17545628525451407
1h_exec_2y,1h,1d,long_close_signal,40,1,1,signal,51,51,51,0.2590405581426558,-0.2480834654605112,0.08420948304231057
1h_exec_2y,1h,1d,exec_close_vs_signal_ma,40,1,24,execution,229,87,87,0.19803556868746863,-0.3211076396625343,0.02306160292888526
1h_exec_2y,1h,1d,long_close_signal,40,2,2,signal,51,47,47,0.19153729089666283,-0.27464597336117336,0.01670621579631759
1h_exec_2y,1h,1d,exec_close_vs_signal_ma,40,2,48,execution,229,69,69,0.2106756711297051,-0.3272893697628425,0.03570170537112172
1h_exec_2y,1h,1d,long_close_signal,40,3,3,signal,51,43,43,0.10994558962941947,-0.3150893336404569,-0.06488548547092576
1h_exec_2y,1h,1d,exec_close_vs_signal_ma,40,3,72,execution,229,63,63,0.024681770853002494,-0.4083425627031976,-0.15029219490558088
1h_exec_2y,1h,1d,long_close_signal,40,5,5,signal,51,37,37,0.19396705759057697,-0.28172183364334524,0.01913598249023174
1h_exec_2y,1h,1d,exec_close_vs_signal_ma,40,5,120,execution,229,47,47,0.17674962494317614,-0.34764597143546716,0.0017756591845927705
1h_exec_2y,1h,1d,long_close_signal,40,7,7,signal,51,33,33,0.2377161420206264,-0.23689349798449755,0.06288506692028117
1h_exec_2y,1h,1d,exec_close_vs_signal_ma,40,7,168,execution,229,35,35,0.44136963755324365,-0.3209420895418653,0.2663956717946603
1h_exec_2y,1h,1d,long_close_signal,40,10,10,signal,51,33,33,-0.03942165849738133,-0.3847156108709223,-0.21425273359772656
1h_exec_2y,1h,1d,exec_close_vs_signal_ma,40,10,240,execution,229,35,35,0.03162517735672421,-0.4476283035078704,-0.14334878840185916
1h_exec_2y,1h,1d,long_close_signal,40,15,15,signal,51,27,27,0.028520402756731844,-0.32059204988894363,-0.1463106723436134
1h_exec_2y,1h,1d,exec_close_vs_signal_ma,40,15,360,execution,229,27,27,0.2566348905350886,-0.2965587889928122,0.08166092477650522
1h_exec_2y,1h,1d,long_close_signal,40,20,20,signal,51,21,21,0.41212993803053966,-0.3152887528392969,0.23729886293019442
1h_exec_2y,1h,1d,exec_close_vs_signal_ma,40,20,480,execution,229,21,21,0.6411451963279877,-0.29872968589202775,0.46617123056940435
1h_exec_3y,1h,1h,long_close_signal,960,0,0,signal,355,355,355,1.6772866374721547,-0.40397353456742324,-1.9391405820189727
1h_exec_3y,1h,1h,exec_close_vs_signal_ma,960,0,0,execution,353,353,353,1.6811356041379093,-0.4030461579922133,-1.9386421903201483
1h_exec_3y,1h,1h,long_close_signal,960,1,24,signal,355,139,139,2.820191763228884,-0.330728244223794,-0.7962354562622433
1h_exec_3y,1h,1h,exec_close_vs_signal_ma,960,1,24,execution,353,139,139,2.8155952343688004,-0.33072824422379377,-0.8041825600892571
1h_exec_3y,1h,1h,long_close_signal,960,2,48,signal,355,109,109,2.728825170733336,-0.3578268369025628,-0.8876020487577914
1h_exec_3y,1h,1h,exec_close_vs_signal_ma,960,2,48,execution,353,109,109,2.728825170733336,-0.3578268369025628,-0.8909526237247216
1h_exec_3y,1h,1h,long_close_signal,960,3,72,signal,355,97,97,2.1413896259709286,-0.40978737309432645,-1.4750375935201987
1h_exec_3y,1h,1h,exec_close_vs_signal_ma,960,3,72,execution,353,97,97,2.1413896259709286,-0.40978737309432645,-1.478388168487129
1h_exec_3y,1h,1h,long_close_signal,960,5,120,signal,355,75,75,2.432687887643275,-0.30668866654542504,-1.1837393318478524
1h_exec_3y,1h,1h,exec_close_vs_signal_ma,960,5,120,execution,353,75,75,2.473096410574549,-0.30668866654542526,-1.1466813838835086
1h_exec_3y,1h,1h,long_close_signal,960,7,168,signal,355,59,59,2.8304663426214396,-0.2981927666046418,-0.7859608768696877
1h_exec_3y,1h,1h,exec_close_vs_signal_ma,960,7,168,execution,353,59,59,2.8304663426214396,-0.2981927666046418,-0.789311451836618
1h_exec_3y,1h,1h,long_close_signal,960,10,240,signal,355,55,55,1.9379014023816028,-0.4064571513032167,-1.6785258171095245
1h_exec_3y,1h,1h,exec_close_vs_signal_ma,960,10,240,execution,353,55,55,1.9379014023816028,-0.4064571513032167,-1.6818763920764548
1h_exec_3y,1h,1h,long_close_signal,960,15,360,signal,355,45,45,1.8176964304316954,-0.2966919459114863,-1.798730789059432
1h_exec_3y,1h,1h,exec_close_vs_signal_ma,960,15,360,execution,353,45,45,1.8176964304316954,-0.2966919459114863,-1.8020813640263622
1h_exec_3y,1h,1h,long_close_signal,960,20,480,signal,355,37,37,2.4015952876767725,-0.30301345309049543,-1.2148319318143548
1h_exec_3y,1h,1h,exec_close_vs_signal_ma,960,20,480,execution,353,37,37,2.4015952876767725,-0.30301345309049543,-1.218182506781285
1h_exec_3y,1h,4h,long_close_signal,240,0,0,signal,183,183,183,1.9660974831029012,-0.3815012923476432,-1.650329736388226
1h_exec_3y,1h,4h,exec_close_vs_signal_ma,240,0,0,execution,359,359,359,1.6809888063314018,-0.4141771241452281,-1.9376510918525032
1h_exec_3y,1h,4h,long_close_signal,240,1,6,signal,183,119,119,2.4946780474125534,-0.3601438781076941,-1.121749172078574
1h_exec_3y,1h,4h,exec_close_vs_signal_ma,240,1,24,execution,359,141,141,2.6339476629732355,-0.3621123253160189,-0.9846922352106695
1h_exec_3y,1h,4h,long_close_signal,240,2,12,signal,183,95,95,2.811129756060946,-0.3581998800533992,-0.8052974634301813
1h_exec_3y,1h,4h,exec_close_vs_signal_ma,240,2,48,execution,359,111,111,2.5800036183487576,-0.3845587221563357,-1.0386362798351474
1h_exec_3y,1h,4h,long_close_signal,240,3,18,signal,183,79,79,2.7055840435153025,-0.34996471641240623,-0.9108431759758249
1h_exec_3y,1h,4h,exec_close_vs_signal_ma,240,3,72,execution,359,99,99,1.9267371269033977,-0.45011685476674335,-1.6919027712805073
1h_exec_3y,1h,4h,long_close_signal,240,5,30,signal,183,65,65,2.3153168191603157,-0.3332958701095592,-1.3011104003308116
1h_exec_3y,1h,4h,exec_close_vs_signal_ma,240,5,120,execution,359,75,75,2.5148245957259276,-0.29835874411601704,-1.1038153024579773
1h_exec_3y,1h,4h,long_close_signal,240,7,42,signal,183,57,57,2.129587134854718,-0.3396838593829238,-1.4868400846364094
1h_exec_3y,1h,4h,exec_close_vs_signal_ma,240,7,168,execution,359,61,61,2.733551116880677,-0.2981927666046418,-0.885088781303228
1h_exec_3y,1h,4h,long_close_signal,240,10,60,signal,183,53,53,1.7885936029195397,-0.46110614109420756,-1.8278336165715876
1h_exec_3y,1h,4h,exec_close_vs_signal_ma,240,10,240,execution,359,55,55,1.9404644291828985,-0.4064571513032167,-1.6781754690010064
1h_exec_3y,1h,4h,long_close_signal,240,15,90,signal,183,41,41,2.301217701609915,-0.31524467193699923,-1.3152095178812124
1h_exec_3y,1h,4h,exec_close_vs_signal_ma,240,15,360,execution,359,45,45,1.8035741622054031,-0.2966919459114863,-1.8150657359785018
1h_exec_3y,1h,4h,long_close_signal,240,20,120,signal,183,35,35,2.347308058705061,-0.30722808907890475,-1.2691191607860661
1h_exec_3y,1h,4h,exec_close_vs_signal_ma,240,20,480,execution,359,37,37,2.4015952876767725,-0.30301345309049543,-1.2170446105071324
1h_exec_3y,1h,1d,long_close_signal,40,0,0,signal,79,79,79,3.3040803427286534,-0.24932377186215215,-0.31234687676247397
1h_exec_3y,1h,1d,exec_close_vs_signal_ma,40,0,0,execution,351,351,351,1.7983100650935415,-0.38618920996578043,-1.7958657967886027
1h_exec_3y,1h,1d,long_close_signal,40,1,1,signal,79,79,79,3.3040803427286534,-0.24932377186215215,-0.31234687676247397
1h_exec_3y,1h,1d,exec_close_vs_signal_ma,40,1,24,execution,351,135,135,2.9217526995095136,-0.3211076396625344,-0.6724231623726307
1h_exec_3y,1h,1d,long_close_signal,40,2,2,signal,79,73,73,2.904766055531063,-0.2855825697618424,-0.7116611639600645
1h_exec_3y,1h,1d,exec_close_vs_signal_ma,40,2,48,execution,351,105,105,3.0549942889272774,-0.3272893697628423,-0.5391815729548668
1h_exec_3y,1h,1d,long_close_signal,40,3,3,signal,79,65,65,2.7777287235706853,-0.3150893336404572,-0.838698495920442
1h_exec_3y,1h,1d,exec_close_vs_signal_ma,40,3,72,execution,351,95,95,2.354866068799104,-0.4083425627031977,-1.2393097930830401
1h_exec_3y,1h,1d,long_close_signal,40,5,5,signal,79,57,57,2.7766497027912216,-0.28612786402477086,-0.8397775166999057
1h_exec_3y,1h,1d,exec_close_vs_signal_ma,40,5,120,execution,351,75,75,2.3860005344148965,-0.34764597143546716,-1.2081753274672478
1h_exec_3y,1h,1d,long_close_signal,40,7,7,signal,79,53,53,2.4603430471425507,-0.31846350264559486,-1.1560841723485766
1h_exec_3y,1h,1d,exec_close_vs_signal_ma,40,7,168,execution,351,59,59,2.6126551152891953,-0.3209420895418652,-0.981520746592949
1h_exec_3y,1h,1d,long_close_signal,40,10,10,signal,79,47,47,2.354307171629055,-0.38471561087092243,-1.2621200478620724
1h_exec_3y,1h,1d,exec_close_vs_signal_ma,40,10,240,execution,351,55,55,1.7667868821769965,-0.44762830350787064,-1.8273889797051477
1h_exec_3y,1h,1d,long_close_signal,40,15,15,signal,79,39,39,2.772497822452308,-0.33889496692315535,-0.8439293970388193
1h_exec_3y,1h,1d,exec_close_vs_signal_ma,40,15,360,execution,351,43,43,2.300725251030546,-0.2965587889928125,-1.2934506108515982
1h_exec_3y,1h,1d,long_close_signal,40,20,20,signal,79,33,33,3.1209020380729484,-0.34133576905619156,-0.4955251814181789
1h_exec_3y,1h,1d,exec_close_vs_signal_ma,40,20,480,execution,351,35,35,2.9494801168536804,-0.2995598793808626,-0.6446957450284638
1h_exec_6y,1h,1h,long_close_signal,960,0,0,signal,638,638,639,8.670349462822347,-0.4663560906132631,-0.9800792449697528
1h_exec_6y,1h,1h,exec_close_vs_signal_ma,960,0,0,execution,640,640,641,8.727373901797481,-0.4702967809401739,2.2400796802729053
1h_exec_6y,1h,1h,long_close_signal,960,1,24,signal,638,238,239,13.974590908768455,-0.5052022046160037,4.324162200976355
1h_exec_6y,1h,1h,exec_close_vs_signal_ma,960,1,24,execution,640,238,239,14.095870465490856,-0.5029944973986702,7.60857624396628
1h_exec_6y,1h,1h,long_close_signal,960,2,48,signal,638,192,193,12.360219608529851,-0.48470945215540817,2.709790900737751
1h_exec_6y,1h,1h,exec_close_vs_signal_ma,960,2,48,execution,640,192,193,12.429527279846909,-0.48463350999600396,5.942233058322333
1h_exec_6y,1h,1h,long_close_signal,960,3,72,signal,638,162,163,14.49371979826763,-0.47102489309964934,4.84329109047553
1h_exec_6y,1h,1h,exec_close_vs_signal_ma,960,3,72,execution,640,162,163,14.579395396827412,-0.4707668876813558,8.092101175302837
1h_exec_6y,1h,1h,long_close_signal,960,5,120,signal,638,134,135,10.895241078571328,-0.49986944243868314,1.2448123707792274
1h_exec_6y,1h,1h,exec_close_vs_signal_ma,960,5,120,execution,640,134,135,11.243322482069527,-0.4937747763444339,4.756028260544951
1h_exec_6y,1h,1h,long_close_signal,960,7,168,signal,638,112,113,14.30323809752293,-0.478090356890692,4.65280938973083
1h_exec_6y,1h,1h,exec_close_vs_signal_ma,960,7,168,execution,640,112,113,14.565108041918366,-0.4718211616313561,8.07781382039379
1h_exec_6y,1h,1h,long_close_signal,960,10,240,signal,638,96,97,13.199803808063342,-0.4300477966055878,3.5493751002712415
1h_exec_6y,1h,1h,exec_close_vs_signal_ma,960,10,240,execution,640,96,97,13.295262627776047,-0.4290933482803039,6.807968406251471
1h_exec_6y,1h,1h,long_close_signal,960,15,360,signal,638,76,77,6.085816550410445,-0.6355867874217501,-3.5646121573816556
1h_exec_6y,1h,1h,exec_close_vs_signal_ma,960,15,360,execution,640,76,77,6.121525484730529,-0.63558678742175,-0.3657687367940472
1h_exec_6y,1h,1h,long_close_signal,960,20,480,signal,638,66,67,6.881066071683583,-0.45830759509635655,-2.769362636108517
1h_exec_6y,1h,1h,exec_close_vs_signal_ma,960,20,480,execution,640,66,67,6.9207826616804855,-0.4583075950963569,0.4334884401559096
1h_exec_6y,1h,4h,long_close_signal,240,0,0,signal,310,310,311,15.791167762486676,-0.3815012923476423,6.140739054694576
1h_exec_6y,1h,4h,exec_close_vs_signal_ma,240,0,0,execution,646,646,647,8.650881131110824,-0.46943205736907734,2.14544367610333
1h_exec_6y,1h,4h,long_close_signal,240,1,6,signal,310,204,205,15.16908603592513,-0.39155012892035956,5.518657328133029
1h_exec_6y,1h,4h,exec_close_vs_signal_ma,240,1,24,execution,646,240,241,13.237544819964437,-0.50299449739867,6.732107364956944
1h_exec_6y,1h,4h,long_close_signal,240,2,12,signal,310,158,159,17.494965918960453,-0.4226271609423399,7.844537211168353
1h_exec_6y,1h,4h,exec_close_vs_signal_ma,240,2,48,execution,646,194,195,11.803996213706217,-0.4838599468142806,5.298558758698723
1h_exec_6y,1h,4h,long_close_signal,240,3,18,signal,310,138,139,20.326357995035007,-0.42550969769081237,10.675929287242907
1h_exec_6y,1h,4h,exec_close_vs_signal_ma,240,3,72,execution,646,164,165,13.442067910978766,-0.4707668876813559,6.936630455971272
1h_exec_6y,1h,4h,long_close_signal,240,5,30,signal,310,116,117,13.937562439707394,-0.449461622856966,4.287133731915294
1h_exec_6y,1h,4h,exec_close_vs_signal_ma,240,5,120,execution,646,134,135,11.3282938655103,-0.4937747763444339,4.822856410502807
1h_exec_6y,1h,4h,long_close_signal,240,7,42,signal,310,106,107,12.593542419661338,-0.39890278891330844,2.9431137118692376
1h_exec_6y,1h,4h,exec_close_vs_signal_ma,240,7,168,execution,646,114,115,14.09522053568605,-0.4718211616313561,7.589783080678556
1h_exec_6y,1h,4h,long_close_signal,240,10,60,signal,310,92,93,11.111385851060069,-0.46110614109420756,1.4609571432679687
1h_exec_6y,1h,4h,exec_close_vs_signal_ma,240,10,240,execution,646,96,97,13.221788546066483,-0.42909334828030377,6.716351091058989
1h_exec_6y,1h,4h,long_close_signal,240,15,90,signal,310,72,73,6.3445942489094875,-0.6317484417563171,-3.3058344588826127
1h_exec_6y,1h,4h,exec_close_vs_signal_ma,240,15,360,execution,646,76,77,6.050302503955172,-0.6355867874217501,-0.4551349510523215
1h_exec_6y,1h,4h,long_close_signal,240,20,120,signal,310,64,65,6.252668942197708,-0.5460537280113298,-3.397759765594392
1h_exec_6y,1h,4h,exec_close_vs_signal_ma,240,20,480,execution,646,66,67,6.881066071683583,-0.45830759509635655,0.3756286166760896
1h_exec_6y,1h,1d,long_close_signal,40,0,0,signal,142,142,143,16.987138952939578,-0.5144557032999719,7.3367102451474775
1h_exec_6y,1h,1d,exec_close_vs_signal_ma,40,0,0,execution,624,624,625,9.148008085335796,-0.45348337131095007,2.6425706303283025
1h_exec_6y,1h,1d,long_close_signal,40,1,1,signal,142,142,143,16.987138952939578,-0.5144557032999719,7.3367102451474775
1h_exec_6y,1h,1d,exec_close_vs_signal_ma,40,1,24,execution,624,230,231,16.823455320041585,-0.43094586755309117,10.318017865034092
1h_exec_6y,1h,1d,long_close_signal,40,2,2,signal,142,126,127,17.822518838852606,-0.49514518790656503,8.172090131060505
1h_exec_6y,1h,1d,exec_close_vs_signal_ma,40,2,48,execution,624,188,189,12.442432402836202,-0.48759459863278576,5.936994947828708
1h_exec_6y,1h,1d,long_close_signal,40,3,3,signal,142,114,115,16.24513784781674,-0.4987668657243486,6.594709140024639
1h_exec_6y,1h,1d,exec_close_vs_signal_ma,40,3,72,execution,624,160,161,15.379453455137167,-0.46137166033496757,8.874016000129673
1h_exec_6y,1h,1d,long_close_signal,40,5,5,signal,142,98,99,18.304519451239532,-0.45698515562570374,8.654090743447432
1h_exec_6y,1h,1d,exec_close_vs_signal_ma,40,5,120,execution,624,134,135,11.068852231407988,-0.48122231393011106,4.563414776400494
1h_exec_6y,1h,1d,long_close_signal,40,7,7,signal,142,92,93,12.893501133767774,-0.4958655393950072,3.243072425975674
1h_exec_6y,1h,1d,exec_close_vs_signal_ma,40,7,168,execution,624,112,113,13.08938564982865,-0.4649668561614104,6.583948194821156
1h_exec_6y,1h,1d,long_close_signal,40,10,10,signal,142,84,85,10.105004745991803,-0.5431976820372522,0.4545760381997024
1h_exec_6y,1h,1d,exec_close_vs_signal_ma,40,10,240,execution,624,96,97,12.329678244661892,-0.44762830350787064,5.824240789654398
1h_exec_6y,1h,1d,long_close_signal,40,15,15,signal,142,68,69,6.78106726722126,-0.6175519557453486,-2.86936144057084
1h_exec_6y,1h,1d,exec_close_vs_signal_ma,40,15,360,execution,624,74,75,7.300515754469197,-0.6355867874217501,0.7950782994617036
1h_exec_6y,1h,1d,long_close_signal,40,20,20,signal,142,60,61,9.817277467072529,-0.5333150364676572,0.16684875928042864
1h_exec_6y,1h,1d,exec_close_vs_signal_ma,40,20,480,execution,624,64,65,8.150445928264151,-0.45830759509635655,1.6450084732566577
