window,signal_interval,exec_interval,signal_mode,freeze_days,freeze_bars,freeze_basis,return,max_dd,trades
2y,1h,1h,long_close_signal,0,0,signal,0.3409758975671189,-0.4039735345674228,269
2y,1h,1h,exec_close_vs_signal_ma,0,0,execution,0.33570268987419216,-0.40304615799221377,267
2y,1h,1h,long_close_signal,2,48,signal,0.5474406551907414,-0.35782683690256356,85
2y,1h,1h,exec_close_vs_signal_ma,2,48,execution,0.5423272752203785,-0.357826836902563,85
2y,1h,1h,long_close_signal,4,96,signal,0.636777877120698,-0.3243408328674775,61
2y,1h,1h,exec_close_vs_signal_ma,4,96,execution,0.6313692902487367,-0.32434083286747784,61
2y,1h,1h,long_close_signal,5,120,signal,0.6212423119088699,-0.30668866654542526,55
2y,1h,1h,exec_close_vs_signal_ma,5,120,execution,0.6158850609299626,-0.30668866654542504,55
2y,1h,1h,long_close_signal,7,168,signal,0.764012800503322,-0.29819276660464167,43
2y,1h,1h,exec_close_vs_signal_ma,7,168,execution,0.7581837771470448,-0.29819276660464145,43
2y,1h,4h,long_close_signal,0,0,signal,0.4715893693760853,-0.36833463877437933,135
2y,1h,4h,exec_close_vs_signal_ma,0,0,execution,0.4791299463046197,-0.3678452322407223,135
2y,1h,4h,long_close_signal,2,48,signal,0.4395073624522856,-0.39197017636469167,85
2y,1h,4h,exec_close_vs_signal_ma,2,12,execution,0.5813076719728354,-0.345446328637504,75
2y,1h,4h,long_close_signal,4,96,signal,0.5100027856000071,-0.3485182172094208,61
2y,1h,4h,exec_close_vs_signal_ma,4,24,execution,0.6078233352951199,-0.3360806177246307,55
2y,1h,4h,long_close_signal,5,120,signal,0.5286183481887909,-0.31724230312559376,55
2y,1h,4h,exec_close_vs_signal_ma,5,30,execution,0.615221093611064,-0.3216540079805039,49
2y,1h,4h,long_close_signal,7,168,signal,0.6250884333441362,-0.3059471363043734,43
2y,1h,4h,exec_close_vs_signal_ma,7,42,execution,0.49124001316212706,-0.32839930863589684,43
2y,1h,1d,long_close_signal,0,0,signal,0.8439332824216883,-0.22836565297889388,57
2y,1h,1d,exec_close_vs_signal_ma,0,0,execution,0.778129693584837,-0.22843263946814885,61
2y,1h,1d,long_close_signal,2,48,signal,0.5006249253314559,-0.3417177580986369,85
2y,1h,1d,exec_close_vs_signal_ma,2,2,execution,0.774269439210157,-0.24969632630661942,53
2y,1h,1d,long_close_signal,4,96,signal,0.39085040346893773,-0.3105138319356012,61
2y,1h,1d,exec_close_vs_signal_ma,4,4,execution,0.8293273216122907,-0.23698445900208998,41
2y,1h,1d,long_close_signal,5,120,signal,0.45365274786712195,-0.2818867080902496,55
2y,1h,1d,exec_close_vs_signal_ma,5,5,execution,0.6547524087472432,-0.2512506207386309,41
2y,1h,1d,long_close_signal,7,168,signal,0.6915605717160138,-0.30056328268784094,43
2y,1h,1d,exec_close_vs_signal_ma,7,7,execution,0.636898946942186,-0.22810186403482258,39
2y,4h,1h,long_close_signal,0,0,signal,0.4534877321996882,-0.38150129234764285,137
2y,4h,1h,exec_close_vs_signal_ma,0,0,execution,0.31809172049644907,-0.41417712414522845,275
2y,4h,1h,long_close_signal,2,12,signal,0.6206024829156391,-0.35819988005339976,75
2y,4h,1h,exec_close_vs_signal_ma,2,48,execution,0.4852658157378653,-0.38455872215633524,87
2y,4h,1h,long_close_signal,4,24,signal,0.6119542426999789,-0.3447756697397705,55
2y,4h,1h,exec_close_vs_signal_ma,4,96,execution,0.5949939269213851,-0.3286603223018304,61
2y,4h,1h,long_close_signal,5,30,signal,0.6193710077400665,-0.3332958701095592,49
2y,4h,1h,exec_close_vs_signal_ma,5,120,execution,0.6432001320675056,-0.29835874411601704,55
2y,4h,1h,long_close_signal,7,42,signal,0.49507138833722575,-0.3396838593829239,43
2y,4h,1h,exec_close_vs_signal_ma,7,168,execution,0.7219791840053367,-0.29819276660464156,45
2y,4h,4h,long_close_signal,0,0,signal,0.4534877321996882,-0.3728480404569178,137
2y,4h,4h,exec_close_vs_signal_ma,0,0,execution,0.46019637828822124,-0.3674007571693908,137
2y,4h,4h,long_close_signal,2,12,signal,0.6206024829156391,-0.3468191420678025,75
2y,4h,4h,exec_close_vs_signal_ma,2,12,execution,0.6164494129216695,-0.3458534510145992,75
2y,4h,4h,long_close_signal,4,24,signal,0.6119542426999789,-0.3360806177246308,55
2y,4h,4h,exec_close_vs_signal_ma,4,24,execution,0.6078233352951199,-0.3360806177246307,55
2y,4h,4h,long_close_signal,5,30,signal,0.6193710077400665,-0.32165400798050425,49
2y,4h,4h,exec_close_vs_signal_ma,5,30,execution,0.615221093611064,-0.3216540079805039,49
2y,4h,4h,long_close_signal,7,42,signal,0.49507138833722575,-0.32839930863589684,43
2y,4h,4h,exec_close_vs_signal_ma,7,42,execution,0.49124001316212706,-0.32839930863589684,43
2y,4h,1d,long_close_signal,0,0,signal,0.7954147351308862,-0.23185575611819909,59
2y,4h,1d,exec_close_vs_signal_ma,0,0,execution,0.778129693584837,-0.22843263946814885,61
2y,4h,1d,long_close_signal,2,12,signal,0.7043808286797835,-0.3195717865168761,75
2y,4h,1d,exec_close_vs_signal_ma,2,2,execution,0.774269439210157,-0.24969632630661942,53
2y,4h,1d,long_close_signal,4,24,signal,0.4898680880481072,-0.3105138319356012,55
2y,4h,1d,exec_close_vs_signal_ma,4,4,execution,0.8293273216122907,-0.23698445900208998,41
2y,4h,1d,long_close_signal,5,30,signal,0.5583682151235803,-0.2674540374260064,49
2y,4h,1d,exec_close_vs_signal_ma,5,5,execution,0.6547524087472432,-0.2512506207386309,41
2y,4h,1d,long_close_signal,7,42,signal,0.791639295172198,-0.30056328268784094,43
2y,4h,1d,exec_close_vs_signal_ma,7,7,execution,0.636898946942186,-0.22810186403482258,39
2y,1d,1h,long_close_signal,0,0,signal,0.8103060985919524,-0.2493237718621525,61
2y,1d,1h,exec_close_vs_signal_ma,0,0,execution,0.28365225414913264,-0.3861892099657793,265
2y,1d,1h,long_close_signal,2,2,signal,0.6456891532071025,-0.2855825697618425,57
2y,1d,1h,exec_close_vs_signal_ma,2,48,execution,0.6046900286727377,-0.32728936976284184,81
2y,1d,1h,long_close_signal,4,4,signal,0.6608242663464956,-0.3033143897443408,45
2y,1d,1h,exec_close_vs_signal_ma,4,96,execution,0.6083177711746539,-0.32093229315475325,61
2y,1d,1h,long_close_signal,5,5,signal,0.5145824596794486,-0.2861278640247711,45
2y,1d,1h,exec_close_vs_signal_ma,5,120,execution,0.5085362077878735,-0.34764597143546705,55
2y,1d,1h,long_close_signal,7,7,signal,0.4165748416123951,-0.3184635026455953,41
2y,1d,1h,exec_close_vs_signal_ma,7,168,execution,0.569392920230821,-0.3209420895418653,43
2y,1d,4h,long_close_signal,0,0,signal,0.8103060985919524,-0.24825530392271755,61
2y,1d,4h,exec_close_vs_signal_ma,0,0,execution,0.41245764267218377,-0.36077178586726466,135
2y,1d,4h,long_close_signal,2,2,signal,0.6456891532071025,-0.284471965344788,57
2y,1d,4h,exec_close_vs_signal_ma,2,12,execution,0.4935267869350142,-0.35048727841776417,75
2y,1d,4h,long_close_signal,4,4,signal,0.6608242663464956,-0.3027083092291232,45
2y,1d,4h,exec_close_vs_signal_ma,4,24,execution,0.5330550021425904,-0.3349098486874347,55
2y,1d,4h,long_close_signal,5,5,signal,0.5145824596794486,-0.2816447401685416,45
2y,1d,4h,exec_close_vs_signal_ma,5,30,execution,0.4476696420958155,-0.3263013370273843,51
2y,1d,4h,long_close_signal,7,7,signal,0.4165748416123951,-0.3141834469098346,41
2y,1d,4h,exec_close_vs_signal_ma,7,42,execution,0.42154662678306587,-0.3283993086358966,43
2y,1d,1d,long_close_signal,0,0,signal,0.8075599552046098,-0.23148505954152265,61
2y,1d,1d,exec_close_vs_signal_ma,0,0,execution,0.8720497574961956,-0.22836565297889388,57
2y,1d,1d,long_close_signal,2,2,signal,0.64319272545424,-0.27573863222644013,57
2y,1d,1d,exec_close_vs_signal_ma,2,2,execution,0.8815890674471158,-0.24969632630661942,51
2y,1d,1d,long_close_signal,4,4,signal,0.6583048793875097,-0.30218741192656706,45
2y,1d,1d,exec_close_vs_signal_ma,4,4,execution,0.87252678709575,-0.2239224501862357,41
2y,1d,1d,long_close_signal,5,5,signal,0.5122849141928214,-0.2805599271125383,45
2y,1d,1d,exec_close_vs_signal_ma,5,5,execution,0.7304489543591044,-0.22901128380599378,41
2y,1d,1d,long_close_signal,7,7,signal,0.414425968757691,-0.30648635914917566,41
2y,1d,1d,exec_close_vs_signal_ma,7,7,execution,0.6728073433752375,-0.22810186403482258,39
3y,1h,1h,long_close_signal,0,0,signal,1.677967553382457,-0.40397353456742324,355
3y,1h,1h,exec_close_vs_signal_ma,0,0,execution,1.6818174989582038,-0.4030461579922133,353
3y,1h,1h,long_close_signal,2,48,signal,2.7297735250671424,-0.3578268369025628,109
3y,1h,1h,exec_close_vs_signal_ma,2,48,execution,2.7297735250671424,-0.3578268369025628,109
3y,1h,1h,long_close_signal,4,96,signal,2.6081552867100344,-0.32434083286747795,81
3y,1h,1h,exec_close_vs_signal_ma,4,96,execution,2.6081552867100344,-0.32434083286747795,81
3y,1h,1h,long_close_signal,5,120,signal,2.4335609252049184,-0.30668866654542504,75
3y,1h,1h,exec_close_vs_signal_ma,5,120,execution,2.473979725259975,-0.30668866654542526,75
3y,1h,1h,long_close_signal,7,168,signal,2.831440547415227,-0.2981927666046418,59
3y,1h,1h,exec_close_vs_signal_ma,7,168,execution,2.831440547415227,-0.2981927666046418,59
3y,1h,4h,long_close_signal,0,0,signal,1.9819387965141848,-0.36833463877437933,183
3y,1h,4h,exec_close_vs_signal_ma,0,0,execution,1.9883972754444232,-0.36784523224072274,185
3y,1h,4h,long_close_signal,2,48,signal,2.51245121736392,-0.39197017636469156,109
3y,1h,4h,exec_close_vs_signal_ma,2,12,execution,2.706143935544794,-0.34544632863750435,97
3y,1h,4h,long_close_signal,4,96,signal,2.274814023319252,-0.34851821720942067,81
3y,1h,4h,exec_close_vs_signal_ma,4,24,execution,2.44498348796098,-0.33608061772463094,71
3y,1h,4h,long_close_signal,5,120,signal,2.11333652804234,-0.31724230312559343,75
3y,1h,4h,exec_close_vs_signal_ma,5,30,execution,2.334944537106582,-0.32165400798050414,65
3y,1h,4h,long_close_signal,7,168,signal,2.471863776271791,-0.3059471363043733,59
3y,1h,4h,exec_close_vs_signal_ma,7,42,execution,2.148115274674172,-0.3283993086358966,57
3y,1h,1d,long_close_signal,0,0,signal,3.374101697868057,-0.22836565297889377,77
3y,1h,1d,exec_close_vs_signal_ma,0,0,execution,3.5005406594039625,-0.22843263946814907,77
3y,1h,1d,long_close_signal,2,48,signal,2.666584146835265,-0.3417177580986367,109
3y,1h,1d,exec_close_vs_signal_ma,2,2,execution,3.4365523998362244,-0.24969632630661942,69
3y,1h,1d,long_close_signal,4,96,signal,2.0131895119031866,-0.3105138319356011,81
3y,1h,1d,exec_close_vs_signal_ma,4,4,execution,3.1271607646717694,-0.23698445900208998,55
3y,1h,1d,long_close_signal,5,120,signal,2.0306166062878543,-0.2818867080902496,75
3y,1h,1d,exec_close_vs_signal_ma,5,5,execution,2.8006335152702433,-0.2512506207386307,55
3y,1h,1d,long_close_signal,7,168,signal,2.9124454750754745,-0.30056328268784094,59
3y,1h,1d,exec_close_vs_signal_ma,7,7,execution,2.8640751545467706,-0.22810186403482302,51
3y,4h,1h,long_close_signal,0,0,signal,1.9668518524481504,-0.3815012923476432,183
3y,4h,1h,exec_close_vs_signal_ma,0,0,execution,1.6816706638165222,-0.4141771241452281,359
3y,4h,1h,long_close_signal,2,12,signal,2.8120990429691193,-0.3581998800533992,95
3y,4h,1h,exec_close_vs_signal_ma,2,48,execution,2.580914122808219,-0.3845587221563357,111
3y,4h,1h,long_close_signal,4,24,signal,2.4255791470746297,-0.3447756697397706,71
3y,4h,1h,exec_close_vs_signal_ma,4,96,execution,2.5107410209013965,-0.3286603223018304,81
3y,4h,1h,long_close_signal,5,30,signal,2.316160005667977,-0.3332958701095592,65
3y,4h,1h,exec_close_vs_signal_ma,5,120,execution,2.515718523165618,-0.29835874411601704,75
3y,4h,1h,long_close_signal,7,42,signal,2.1303830846207887,-0.3396838593829238,57
3y,4h,1h,exec_close_vs_signal_ma,7,168,execution,2.734500673167191,-0.2981927666046418,61
3y,4h,4h,long_close_signal,0,0,signal,1.9668518524481504,-0.37284804045691833,183
3y,4h,4h,exec_close_vs_signal_ma,0,0,execution,1.9791322560469768,-0.36740075716939047,187
3y,4h,4h,long_close_signal,2,12,signal,2.8120990429691193,-0.34681914206780184,95
3y,4h,4h,exec_close_vs_signal_ma,2,12,execution,2.7885063703893147,-0.34585345101459974,97
3y,4h,4h,long_close_signal,4,24,signal,2.4255791470746297,-0.33608061772463116,71
3y,4h,4h,exec_close_vs_signal_ma,4,24,execution,2.44498348796098,-0.33608061772463094,71
3y,4h,4h,long_close_signal,5,30,signal,2.316160005667977,-0.3216540079805039,65
3y,4h,4h,exec_close_vs_signal_ma,5,30,execution,2.334944537106582,-0.32165400798050414,65
3y,4h,4h,long_close_signal,7,42,signal,2.1303830846207887,-0.32839930863589684,57
3y,4h,4h,exec_close_vs_signal_ma,7,42,execution,2.148115274674172,-0.3283993086358966,57
3y,4h,1d,long_close_signal,0,0,signal,3.252233780895997,-0.23185575611819897,79
3y,4h,1d,exec_close_vs_signal_ma,0,0,execution,3.5005406594039625,-0.22843263946814907,77
3y,4h,1d,long_close_signal,2,12,signal,3.231340453531021,-0.31957178651687645,95
3y,4h,1d,exec_close_vs_signal_ma,2,2,execution,3.4365523998362244,-0.24969632630661942,69
3y,4h,1d,long_close_signal,4,24,signal,2.2569389963254873,-0.3105138319356011,71
3y,4h,1d,exec_close_vs_signal_ma,4,4,execution,3.1271607646717694,-0.23698445900208998,55
3y,4h,1d,long_close_signal,5,30,signal,2.4579392555243693,-0.2674540374260065,65
3y,4h,1d,exec_close_vs_signal_ma,5,5,execution,2.8006335152702433,-0.2512506207386307,55
3y,4h,1d,long_close_signal,7,42,signal,3.1312109894515814,-0.30056328268784105,57
3y,4h,1d,exec_close_vs_signal_ma,7,7,execution,2.8640751545467706,-0.22810186403482302,51
3y,1d,1h,long_close_signal,0,0,signal,3.305175002054094,-0.24932377186215215,79
3y,1d,1h,exec_close_vs_signal_ma,0,0,execution,1.7990217609645072,-0.38618920996578043,351
3y,1d,1h,long_close_signal,2,2,signal,2.905759157015232,-0.2855825697618424,73
3y,1d,1h,exec_close_vs_signal_ma,2,48,execution,3.056025598047815,-0.3272893697628423,105
3y,1d,1h,long_close_signal,4,4,signal,2.739205380751588,-0.3033143897443408,59
3y,1d,1h,exec_close_vs_signal_ma,4,96,execution,2.863882037807514,-0.32093229315475325,81
3y,1d,1h,long_close_signal,5,5,signal,2.7776102203668436,-0.28612786402477086,57
3y,1d,1h,exec_close_vs_signal_ma,5,120,execution,2.3868616979540955,-0.34764597143546716,75
3y,1d,1h,long_close_signal,7,7,signal,2.461223118257435,-0.31846350264559486,53
3y,1d,1h,exec_close_vs_signal_ma,7,168,execution,2.613573924023384,-0.3209420895418652,59
3y,1d,4h,long_close_signal,0,0,signal,3.305175002054094,-0.24825530392271733,79
3y,1d,4h,exec_close_vs_signal_ma,0,0,execution,2.06046496669786,-0.3607717858672639,189
3y,1d,4h,long_close_signal,2,2,signal,2.905759157015232,-0.284471965344788,73
3y,1d,4h,exec_close_vs_signal_ma,2,12,execution,2.7458447686603162,-0.35048727841776417,97
3y,1d,4h,long_close_signal,4,4,signal,2.739205380751588,-0.30270830922912306,59
3y,1d,4h,exec_close_vs_signal_ma,4,24,execution,2.657060867335596,-0.3349098486874349,71
3y,1d,4h,long_close_signal,5,5,signal,2.7776102203668436,-0.28164474016854146,57
3y,1d,4h,exec_close_vs_signal_ma,5,30,execution,2.2975711462737904,-0.3263013370273845,67
3y,1d,4h,long_close_signal,7,7,signal,2.461223118257435,-0.31418344690983424,53
3y,1d,4h,exec_close_vs_signal_ma,7,42,execution,2.211404732685219,-0.32839930863589695,57
3y,1d,1d,long_close_signal,0,0,signal,3.2986442679023176,-0.2314850595415222,79
3y,1d,1d,exec_close_vs_signal_ma,0,0,execution,3.6311914416643534,-0.2283656529788941,75
3y,1d,1d,long_close_signal,2,2,signal,2.899834316630541,-0.27573863222644013,73
3y,1d,1d,exec_close_vs_signal_ma,2,2,execution,3.628848072678803,-0.2496963263066193,69
3y,1d,1d,long_close_signal,4,4,signal,2.733533194076498,-0.30218741192656695,59
3y,1d,1d,exec_close_vs_signal_ma,4,4,execution,3.373175636789422,-0.2239224501862357,55
3y,1d,1d,long_close_signal,5,5,signal,2.7718797754798237,-0.2805599271125382,57
3y,1d,1d,exec_close_vs_signal_ma,5,5,execution,3.1142500207138673,-0.22901128380599367,55
3y,1d,1d,long_close_signal,7,7,signal,2.455972616706502,-0.3064863591491752,53
3y,1d,1d,exec_close_vs_signal_ma,7,7,execution,3.0876955008378886,-0.2281018640348228,51
6y,1h,1h,long_close_signal,0,0,signal,8.672808928579677,-0.4663560906132631,639
6y,1h,1h,exec_close_vs_signal_ma,0,0,execution,8.72984787061445,-0.4702967809401739,641
6y,1h,1h,long_close_signal,2,48,signal,12.363617521166196,-0.48470945215540817,193
6y,1h,1h,exec_close_vs_signal_ma,2,48,execution,12.432942819544712,-0.48463350999600396,193
6y,1h,1h,long_close_signal,4,96,signal,13.7541247801548,-0.5065483165944915,145
6y,1h,1h,exec_close_vs_signal_ma,4,96,execution,13.860111311304,-0.5054397854744371,145
6y,1h,1h,long_close_signal,5,120,signal,10.89826640234276,-0.49986944243868314,135
6y,1h,1h,exec_close_vs_signal_ma,5,120,execution,11.246436333592303,-0.4937747763444339,135
6y,1h,1h,long_close_signal,7,168,signal,14.307130179212619,-0.478090356890692,113
6y,1h,1h,exec_close_vs_signal_ma,7,168,execution,14.56906672514749,-0.4718211616313561,113
6y,1h,4h,long_close_signal,0,0,signal,15.901023937861176,-0.3775814251920886,313
6y,1h,4h,exec_close_vs_signal_ma,0,0,execution,16.277119517745323,-0.38010257598498054,311
6y,1h,4h,long_close_signal,2,48,signal,13.884897513610438,-0.4482348510534757,193
6y,1h,4h,exec_close_vs_signal_ma,2,12,execution,17.455585897194588,-0.4249816345059839,161
6y,1h,4h,long_close_signal,4,96,signal,14.170502459046434,-0.4822892440095159,145
6y,1h,4h,exec_close_vs_signal_ma,4,24,execution,17.081880297250517,-0.4429004489886743,129
6y,1h,4h,long_close_signal,5,120,signal,10.20494390756984,-0.49790511340149823,135
6y,1h,4h,exec_close_vs_signal_ma,5,30,execution,14.305990272746717,-0.4459849293376257,117
6y,1h,4h,long_close_signal,7,168,signal,15.6138663146135,-0.431306044843921,113
6y,1h,4h,exec_close_vs_signal_ma,7,42,execution,12.87084163639865,-0.39565599779266547,107
6y,1h,1d,long_close_signal,0,0,signal,16.367744451953794,-0.5056196059656921,147
6y,1h,1d,exec_close_vs_signal_ma,0,0,execution,16.09655287720244,-0.505619605965692,147
6y,1h,1d,long_close_signal,2,48,signal,14.160984145108328,-0.4639714603942944,193
6y,1h,1d,exec_close_vs_signal_ma,2,2,execution,19.432786998798008,-0.4859576713614099,125
6y,1h,1d,long_close_signal,4,96,signal,11.884038208398074,-0.4734652185467373,145
6y,1h,1d,exec_close_vs_signal_ma,4,4,execution,15.509121714214473,-0.5018369190836998,105
6y,1h,1d,long_close_signal,5,120,signal,13.148986160080348,-0.4776918351487621,135
6y,1h,1d,exec_close_vs_signal_ma,5,5,execution,19.865068717586166,-0.44734223700253684,99
6y,1h,1d,long_close_signal,7,168,signal,18.6228836629327,-0.4428058791072649,113
6y,1h,1d,exec_close_vs_signal_ma,7,7,execution,13.227901234853414,-0.48701974185517083,93
6y,4h,1h,long_close_signal,0,0,signal,15.795438270217158,-0.3815012923476423,311
6y,4h,1h,exec_close_vs_signal_ma,0,0,execution,8.653335645475716,-0.46943205736907734,647
6y,4h,1h,long_close_signal,2,12,signal,17.49966975469416,-0.4226271609423399,159
6y,4h,1h,exec_close_vs_signal_ma,2,48,execution,11.807252661714188,-0.4838599468142806,195
6y,4h,1h,long_close_signal,4,24,signal,16.783331872346853,-0.44527909956720224,129
6y,4h,1h,exec_close_vs_signal_ma,4,96,execution,13.386412467742868,-0.5054397854744377,145
6y,4h,1h,long_close_signal,5,30,signal,13.94136151888852,-0.449461622856966,117
6y,4h,1h,exec_close_vs_signal_ma,5,120,execution,11.331429327855803,-0.4937747763444339,135
6y,4h,1h,long_close_signal,7,42,signal,12.596999673427659,-0.39890278891330844,107
6y,4h,1h,exec_close_vs_signal_ma,7,168,execution,14.099059712144934,-0.4718211616313561,115
6y,4h,4h,long_close_signal,0,0,signal,15.795438270217158,-0.3738743889318914,311
6y,4h,4h,exec_close_vs_signal_ma,0,0,execution,16.09487161441419,-0.37896398846882773,313
6y,4h,4h,long_close_signal,2,12,signal,17.49966975469416,-0.4209606062781981,159
6y,4h,4h,exec_close_vs_signal_ma,2,12,execution,17.396851986393163,-0.4249816345059839,163
6y,4h,4h,long_close_signal,4,24,signal,16.783331872346853,-0.442900448988674,129
6y,4h,4h,exec_close_vs_signal_ma,4,24,execution,17.0323920383237,-0.4430744135721838,129
6y,4h,4h,long_close_signal,5,30,signal,13.94136151888852,-0.44598492933762557,117
6y,4h,4h,exec_close_vs_signal_ma,5,30,execution,14.1506191544389,-0.4459849293376257,117
6y,4h,4h,long_close_signal,7,42,signal,12.596999673427659,-0.39565599779266536,107
6y,4h,4h,exec_close_vs_signal_ma,7,42,execution,12.730038712934427,-0.3956559977926657,107
6y,4h,1d,long_close_signal,0,0,signal,15.358198314619205,-0.5056196059656921,149
6y,4h,1d,exec_close_vs_signal_ma,0,0,execution,16.869781149865126,-0.5056196059656921,147
6y,4h,1d,long_close_signal,2,12,signal,15.997636475572069,-0.5249478995555015,159
6y,4h,1d,exec_close_vs_signal_ma,2,2,execution,20.30020430881783,-0.4859576713614103,125
6y,4h,1d,long_close_signal,4,24,signal,10.712063184138891,-0.5381850735862637,129
6y,4h,1d,exec_close_vs_signal_ma,4,4,execution,16.209970695265184,-0.5018369190836998,105
6y,4h,1d,long_close_signal,5,30,signal,13.545716319546827,-0.4840706673283365,117
6y,4h,1d,exec_close_vs_signal_ma,5,5,execution,20.759390965192864,-0.4473422370025367,99
6y,4h,1d,long_close_signal,7,42,signal,11.98120152494895,-0.515181730498052,107
6y,4h,1d,exec_close_vs_signal_ma,7,7,execution,13.831907326488887,-0.48701974185517083,93
6y,1d,1h,long_close_signal,0,0,signal,16.991713632737568,-0.5144557032999719,143
6y,1d,1h,exec_close_vs_signal_ma,0,0,execution,9.150589034296011,-0.45348337131095007,625
6y,1d,1h,long_close_signal,2,2,signal,17.827305981316158,-0.49514518790656503,127
6y,1d,1h,exec_close_vs_signal_ma,2,48,execution,12.445851224701647,-0.48759459863278576,189
6y,1d,1h,long_close_signal,4,4,signal,14.820765003232797,-0.5117633246386408,105
6y,1d,1h,exec_close_vs_signal_ma,4,96,execution,14.625357618817164,-0.5037589384278964,145
6y,1d,1h,long_close_signal,5,5,signal,18.30942918120685,-0.45698515562570374,99
6y,1d,1h,exec_close_vs_signal_ma,5,120,execution,11.07192170980766,-0.48122231393011106,135
6y,1d,1h,long_close_signal,7,7,signal,12.897034676213094,-0.4958655393950072,93
6y,1d,1h,exec_close_vs_signal_ma,7,168,execution,13.092969011699987,-0.4649668561614104,113
6y,1d,4h,long_close_signal,0,0,signal,16.991713632737568,-0.513437110008012,143
6y,1d,4h,exec_close_vs_signal_ma,0,0,execution,14.413457602389244,-0.40703608557304916,327
6y,1d,4h,long_close_signal,2,2,signal,17.827305981316158,-0.49408608428099066,127
6y,1d,4h,exec_close_vs_signal_ma,2,12,execution,13.62914000285927,-0.46362479084594843,169
6y,1d,4h,long_close_signal,4,4,signal,14.820765003232797,-0.5097142377350694,105
6y,1d,4h,exec_close_vs_signal_ma,4,24,execution,16.589038415664476,-0.4715688887846523,131
6y,1d,4h,long_close_signal,5,5,signal,18.30942918120685,-0.45513673199650884,99
6y,1d,4h,exec_close_vs_signal_ma,5,30,execution,11.873450238180741,-0.4683943464959722,123
6y,1d,4h,long_close_signal,7,7,signal,12.897034676213094,-0.49425463896840405,93
6y,1d,4h,exec_close_vs_signal_ma,7,42,execution,11.552427537585759,-0.4320036148735593,109
6y,1d,1d,long_close_signal,0,0,signal,16.96442110720394,-0.5056196059656918,143
6y,1d,1d,exec_close_vs_signal_ma,0,0,execution,17.207710532559382,-0.5056196059656923,145
6y,1d,1d,long_close_signal,2,2,signal,17.798745904176563,-0.48595767136141,127
6y,1d,1d,exec_close_vs_signal_ma,2,2,execution,20.941898256848397,-0.48595767136141,127
6y,1d,1d,long_close_signal,4,4,signal,14.796765697684346,-0.5018369190837,105
6y,1d,1d,exec_close_vs_signal_ma,4,4,execution,18.456123575034887,-0.5018369190836999,103
6y,1d,1d,long_close_signal,5,5,signal,18.280137747398737,-0.44734223700253684,99
6y,1d,1d,exec_close_vs_signal_ma,5,5,execution,22.554908509220045,-0.4473422370025367,99
6y,1d,1d,long_close_signal,7,7,signal,12.875953572907171,-0.4870197418551707,93
6y,1d,1d,exec_close_vs_signal_ma,7,7,execution,14.690254051087278,-0.48701974185517083,93
